fecha_hora_utc,fecha_hora_runner,resultado,fase,tipo_error,duracion_segundos,intentos_conexion,duraciones_intentos_segundos,url,correo_enviado,detalle,github_run_number,github_run_id,github_actor,github_run_url
2026-07-14T12:25:28Z,2026-07-14 12:25:28,NO HAY CITAS DISPONIBLES,,,44.2,1,,https://sede.administracionespublicas.gob.es/icpplustiej/acCitarB,No,,210,29332167713,rodrigosalasp,https://github.com/rodrigosalasp/monitor-citas/actions/runs/29332167713
2026-07-14T14:57:23Z,2026-07-14 14:57:23,NO HAY CITAS DISPONIBLES,,,43.0,1,,https://sede.administracionespublicas.gob.es/icpplustiej/acCitarB,No,,211,29343064081,rodrigosalasp,https://github.com/rodrigosalasp/monitor-citas/actions/runs/29343064081
2026-07-14T16:32:19Z,2026-07-14 16:32:19,NO HAY CITAS DISPONIBLES,,,43.5,1,,https://sede.administracionespublicas.gob.es/icpplustiej/acCitarB,No,,212,29349218276,rodrigosalasp,https://github.com/rodrigosalasp/monitor-citas/actions/runs/29349218276
2026-07-14T17:50:07Z,2026-07-14 17:50:07,NO HAY CITAS DISPONIBLES,,,43.4,1,,https://sede.administracionespublicas.gob.es/icpplustiej/acCitarB,No,,213,29354829723,rodrigosalasp,https://github.com/rodrigosalasp/monitor-citas/actions/runs/29354829723
2026-07-14T19:35:38Z,2026-07-14 19:35:38,NO HAY CITAS DISPONIBLES,,,43.3,1,,https://sede.administracionespublicas.gob.es/icpplustiej/acCitarB,No,,214,29361715526,rodrigosalasp,https://github.com/rodrigosalasp/monitor-citas/actions/runs/29361715526
2026-07-14T20:55:53Z,2026-07-14 20:55:53,NO HAY CITAS DISPONIBLES,,,45.7,1,,https://sede.administracionespublicas.gob.es/icpplustiej/acCitarB,No,,215,29366492545,rodrigosalasp,https://github.com/rodrigosalasp/monitor-citas/actions/runs/29366492545
2026-07-14T22:04:57Z,2026-07-14 22:04:57,NO HAY CITAS DISPONIBLES,,,40.1,1,,https://sede.administracionespublicas.gob.es/icpplustiej/acCitarB,No,,216,29371596844,rodrigosalasp,https://github.com/rodrigosalasp/monitor-citas/actions/runs/29371596844
2026-07-14T23:37:19Z,2026-07-14 23:37:19,NO HAY CITAS DISPONIBLES,,,41.5,1,,https://sede.administracionespublicas.gob.es/icpplustiej/acCitarB,No,,217,29376135618,rodrigosalasp,https://github.com/rodrigosalasp/monitor-citas/actions/runs/29376135618
2026-07-15T01:03:45Z,2026-07-15 01:03:45,NO HAY CITAS DISPONIBLES,,,40.3,1,,https://sede.administracionespublicas.gob.es/icpplustiej/acCitarB,No,,218,29380235501,rodrigosalasp,https://github.com/rodrigosalasp/monitor-citas/actions/runs/29380235501
2026-07-15T04:13:20Z,2026-07-15 04:13:20,NO HAY CITAS DISPONIBLES,,,41.7,1,,https://sede.administracionespublicas.gob.es/icpplustiej/acCitarB,No,,219,29388202619,rodrigosalasp,https://github.com/rodrigosalasp/monitor-citas/actions/runs/29388202619
2026-07-15T06:57:08Z,2026-07-15 06:57:08,NO HAY CITAS DISPONIBLES,,,44.3,1,,https://sede.administracionespublicas.gob.es/icpplustiej/acCitarB,No,,220,29394717963,rodrigosalasp,https://github.com/rodrigosalasp/monitor-citas/actions/runs/29394717963
2026-07-15T09:28:23Z,2026-07-15 09:28:23,ERROR DE CONEXION,,,166.9,3,,,Si,"No fue posible cargar correctamente la sede después de 3 intentos. | Intento 1: TimeoutError: Page.wait_for_selector: Timeout 30000ms exceeded. | Call log: |   - waiting for locator(""select[id='tramiteGrupo[2]']"") to be visible |     - waiting for navigation to finish... |  | Intento 2: Error: Page.goto: net::ERR_CONNECTION_RESET at https://sede.administracionespublicas.gob.es/icpplustiej/citar?org=JUS-RC&locale=es&appVersion=V+7.44.4 | Call log: |   - navigating to ""https://sede.administracionespublicas.gob.es/icpplustiej/citar?org=JUS-RC&locale=es&appVersion=V+7.44.4"", waiting until ""domcontentloaded"" |  | Intento 3: Error: Page.goto: net::ERR_CONNECTION_RESET at https://sede.administracionespublicas.gob.es/icpplustiej/citar?org=JUS-RC&locale=es&appVersion=V+7.44.4 | Call log: |   - navigating to ""https://sede.administracionespublicas.gob.es/icpplustiej/citar?org=JUS-RC&locale=es&appVersion=V+7.44.4"", waiting until ""domcontentloaded"" | ",221,29403557619,rodrigosalasp,https://github.com/rodrigosalasp/monitor-citas/actions/runs/29403557619
2026-07-15T11:13:15Z,2026-07-15 11:13:15,NO HAY CITAS DISPONIBLES,,,40.8,1,,https://sede.administracionespublicas.gob.es/icpplustiej/acCitarB,No,,222,29410673773,rodrigosalasp,https://github.com/rodrigosalasp/monitor-citas/actions/runs/29410673773
2026-07-15T13:13:28Z,2026-07-15 13:13:28,NO HAY CITAS DISPONIBLES,,,41.4,1,,https://sede.administracionespublicas.gob.es/icpplustiej/acCitarB,No,,223,29416919050,rodrigosalasp,https://github.com/rodrigosalasp/monitor-citas/actions/runs/29416919050
2026-07-15T15:14:17Z,2026-07-15 15:14:17,NO HAY CITAS DISPONIBLES,,,42.2,1,,https://sede.administracionespublicas.gob.es/icpplustiej/acCitarB,No,,224,29425735320,rodrigosalasp,https://github.com/rodrigosalasp/monitor-citas/actions/runs/29425735320
2026-07-15T16:30:25Z,2026-07-15 16:30:25,NO HAY CITAS DISPONIBLES,,,44.7,1,,https://sede.administracionespublicas.gob.es/icpplustiej/acCitarB,No,,225,29432389839,rodrigosalasp,https://github.com/rodrigosalasp/monitor-citas/actions/runs/29432389839
2026-07-15T17:54:38Z,2026-07-15 17:54:38,NO HAY CITAS DISPONIBLES,,,43.9,1,,https://sede.administracionespublicas.gob.es/icpplustiej/acCitarB,No,,226,29438039438,rodrigosalasp,https://github.com/rodrigosalasp/monitor-citas/actions/runs/29438039438
2026-07-15T19:26:23Z,2026-07-15 19:26:23,ERROR DE CONEXION,,,466.7,3,,,Si,"No fue posible cargar correctamente la sede después de 3 intentos. | Intento 1: TimeoutError: Page.goto: Timeout 90000ms exceeded. | Call log: |   - navigating to ""https://sede.administracionespublicas.gob.es/icpplustiej/citar?org=JUS-RC&locale=es&appVersion=V+7.44.4"", waiting until ""domcontentloaded"" |  | Intento 2: TimeoutError: Page.goto: Timeout 90000ms exceeded. | Call log: |   - navigating to ""https://sede.administracionespublicas.gob.es/icpplustiej/citar?org=JUS-RC&locale=es&appVersion=V+7.44.4"", waiting until ""domcontentloaded"" |  | Intento 3: TimeoutError: Page.goto: Timeout 90000ms exceeded. | Call log: |   - navigating to ""https://sede.administracionespublicas.gob.es/icpplustiej/citar?org=JUS-RC&locale=es&appVersion=V+7.44.4"", waiting until ""domcontentloaded"" | ",227,29443922335,rodrigosalasp,https://github.com/rodrigosalasp/monitor-citas/actions/runs/29443922335
2026-07-15T20:46:51Z,2026-07-15 20:46:51,NO HAY CITAS DISPONIBLES,,,41.0,1,,https://sede.administracionespublicas.gob.es/icpplustiej/acCitarB,No,,228,29448821593,rodrigosalasp,https://github.com/rodrigosalasp/monitor-citas/actions/runs/29448821593
2026-07-15T22:06:59Z,2026-07-15 22:06:59,NO HAY CITAS DISPONIBLES,,,43.3,1,,https://sede.administracionespublicas.gob.es/icpplustiej/acCitarB,No,,229,29454164083,rodrigosalasp,https://github.com/rodrigosalasp/monitor-citas/actions/runs/29454164083
2026-07-15T23:34:14Z,2026-07-15 23:34:14,NO HAY CITAS DISPONIBLES,,,40.2,1,,https://sede.administracionespublicas.gob.es/icpplustiej/acCitarB,No,,230,29458721240,rodrigosalasp,https://github.com/rodrigosalasp/monitor-citas/actions/runs/29458721240
2026-07-16T02:57:27Z,2026-07-16 02:57:27,ERROR DE CONEXION,,,223.9,3,,,Si,"No fue posible cargar correctamente la sede después de 3 intentos. | Intento 1: TimeoutError: Page.goto: Timeout 90000ms exceeded. | Call log: |   - navigating to ""https://sede.administracionespublicas.gob.es/icpplustiej/citar?org=JUS-RC&locale=es&appVersion=V+7.44.4"", waiting until ""domcontentloaded"" |  | Intento 2: Error: Page.goto: net::ERR_CONNECTION_RESET at https://sede.administracionespublicas.gob.es/icpplustiej/citar?org=JUS-RC&locale=es&appVersion=V+7.44.4 | Call log: |   - navigating to ""https://sede.administracionespublicas.gob.es/icpplustiej/citar?org=JUS-RC&locale=es&appVersion=V+7.44.4"", waiting until ""domcontentloaded"" |  | Intento 3: Error: Page.goto: net::ERR_CONNECTION_RESET at https://sede.administracionespublicas.gob.es/icpplustiej/citar?org=JUS-RC&locale=es&appVersion=V+7.44.4 | Call log: |   - navigating to ""https://sede.administracionespublicas.gob.es/icpplustiej/citar?org=JUS-RC&locale=es&appVersion=V+7.44.4"", waiting until ""domcontentloaded"" | ",231,29467591533,rodrigosalasp,https://github.com/rodrigosalasp/monitor-citas/actions/runs/29467591533
2026-07-16T06:00:06Z,2026-07-16 06:00:06,NO HAY CITAS DISPONIBLES,,,43.1,1,,https://sede.administracionespublicas.gob.es/icpplustiej/acCitarB,No,,232,29474674888,rodrigosalasp,https://github.com/rodrigosalasp/monitor-citas/actions/runs/29474674888
2026-07-16T08:37:00Z,2026-07-16 08:37:00,NO HAY CITAS DISPONIBLES,,,43.9,1,,https://sede.administracionespublicas.gob.es/icpplustiej/acCitarB,No,,233,29483080630,rodrigosalasp,https://github.com/rodrigosalasp/monitor-citas/actions/runs/29483080630
2026-07-16T10:43:50Z,2026-07-16 10:43:50,NO HAY CITAS DISPONIBLES,,,46.8,1,,https://sede.administracionespublicas.gob.es/icpplustiej/acCitarB,No,,234,29490927635,rodrigosalasp,https://github.com/rodrigosalasp/monitor-citas/actions/runs/29490927635
2026-07-16T12:19:51Z,2026-07-16 12:19:51,NO HAY CITAS DISPONIBLES,,,44.5,1,,https://sede.administracionespublicas.gob.es/icpplustiej/acCitarB,No,,235,29496772136,rodrigosalasp,https://github.com/rodrigosalasp/monitor-citas/actions/runs/29496772136
2026-07-16T14:56:27Z,2026-07-16 14:56:27,ERROR DE CONEXION,,,268.7,3,,,Si,"No fue posible cargar correctamente la sede después de 3 intentos. | Intento 1: TimeoutError: Page.goto: Timeout 90000ms exceeded. | Call log: |   - navigating to ""https://sede.administracionespublicas.gob.es/icpplustiej/citar?org=JUS-RC&locale=es&appVersion=V+7.44.4"", waiting until ""domcontentloaded"" |  | Intento 2: Error: Page.goto: net::ERR_CONNECTION_RESET at https://sede.administracionespublicas.gob.es/icpplustiej/citar?org=JUS-RC&locale=es&appVersion=V+7.44.4 | Call log: |   - navigating to ""https://sede.administracionespublicas.gob.es/icpplustiej/citar?org=JUS-RC&locale=es&appVersion=V+7.44.4"", waiting until ""domcontentloaded"" |  | Intento 3: Error: Page.goto: net::ERR_CONNECTION_RESET at https://sede.administracionespublicas.gob.es/icpplustiej/citar?org=JUS-RC&locale=es&appVersion=V+7.44.4 | Call log: |   - navigating to ""https://sede.administracionespublicas.gob.es/icpplustiej/citar?org=JUS-RC&locale=es&appVersion=V+7.44.4"", waiting until ""domcontentloaded"" | ",236,29507133799,rodrigosalasp,https://github.com/rodrigosalasp/monitor-citas/actions/runs/29507133799
2026-07-16T17:39:12Z,2026-07-16 17:39:12,ERROR DE CONEXION,ABRIR_WEB,ERR_CONNECTION_RESET,141.6,3,32.9;4.5;4.5,,Si,"No fue posible cargar correctamente la sede después de 3 intentos. | Intento 1; fase=CARGAR_TRAMITE; tipo_error=TIMEOUT_SELECTOR; duracion=32.9s; TimeoutError: Page.wait_for_selector: Timeout 30000ms exceeded. | Call log: | - waiting for locator(""select[id='tramiteGrupo[2]']"") to be visible | - waiting for navigation to finish... | || Intento 2; fase=ABRIR_WEB; tipo_error=ERR_CONNECTION_RESET; duracion=4.5s; Error: Page.goto: net::ERR_CONNECTION_RESET at https://sede.administracionespublicas.gob.es/icpplustiej/citar?org=JUS-RC&locale=es&appVersion=V+7.44.4 | Call log: | - navigating to ""https://sede.administracionespublicas.gob.es/icpplustiej/citar?org=JUS-RC&locale=es&appVersion=V+7.44.4"", waiting until ""domcontentloaded"" | || Intento 3; fase=ABRIR_WEB; tipo_error=ERR_CONNECTION_RESET; duracion=4.5s; Error: Page.goto: net::ERR_CONNECTION_RESET at https://sede.administracionespublicas.gob.es/icpplustiej/citar?org=JUS-RC&locale=es&appVersion=V+7.44.4 | Call log: | - navigating to ""https://sede.administracionespublicas.gob.es/icpplustiej/citar?org=JUS-RC&locale=es&appVersion=V+7.44.4"", waiting until ""domcontentloaded"" | ",237,29520424144,rodrigosalasp,https://github.com/rodrigosalasp/monitor-citas/actions/runs/29520424144
2026-07-16T18:55:22Z,2026-07-16 18:55:22,NO HAY CITAS DISPONIBLES,RESULTADO,,48.2,1,11.2,https://sede.administracionespublicas.gob.es/icpplustiej/acCitarB,No,,238,29525429805,rodrigosalasp,https://github.com/rodrigosalasp/monitor-citas/actions/runs/29525429805
2026-07-16T20:13:34Z,2026-07-16 20:13:34,NO HAY CITAS DISPONIBLES,RESULTADO,,44.1,1,7.3,https://sede.administracionespublicas.gob.es/icpplustiej/acCitarB,No,,239,29530842032,rodrigosalasp,https://github.com/rodrigosalasp/monitor-citas/actions/runs/29530842032
2026-07-16T21:35:10Z,2026-07-16 21:35:10,NO HAY CITAS DISPONIBLES,RESULTADO,,41.0,1,5.3,https://sede.administracionespublicas.gob.es/icpplustiej/acCitarB,No,,240,29536328343,rodrigosalasp,https://github.com/rodrigosalasp/monitor-citas/actions/runs/29536328343
2026-07-16T22:49:10Z,2026-07-16 22:49:10,NO HAY CITAS DISPONIBLES,RESULTADO,,43.7,1,6.6,https://sede.administracionespublicas.gob.es/icpplustiej/acCitarB,No,,241,29540220684,rodrigosalasp,https://github.com/rodrigosalasp/monitor-citas/actions/runs/29540220684
2026-07-16T23:42:20Z,2026-07-16 23:42:20,NO HAY CITAS DISPONIBLES,RESULTADO,,39.7,1,4.2,https://sede.administracionespublicas.gob.es/icpplustiej/acCitarB,No,,242,29542707664,rodrigosalasp,https://github.com/rodrigosalasp/monitor-citas/actions/runs/29542707664
2026-07-17T01:22:28Z,2026-07-17 01:22:28,NO HAY CITAS DISPONIBLES,RESULTADO,,39.7,1,4.3,https://sede.administracionespublicas.gob.es/icpplustiej/acCitarB,No,,243,29546886747,rodrigosalasp,https://github.com/rodrigosalasp/monitor-citas/actions/runs/29546886747
2026-07-17T04:40:49Z,2026-07-17 04:40:49,NO HAY CITAS DISPONIBLES,RESULTADO,,42.8,1,4.7,https://sede.administracionespublicas.gob.es/icpplustiej/acCitarB,No,,244,29555291224,rodrigosalasp,https://github.com/rodrigosalasp/monitor-citas/actions/runs/29555291224
2026-07-17T07:12:50Z,2026-07-17 07:12:50,NO HAY CITAS DISPONIBLES,RESULTADO,,45.6,1,5.7,https://sede.administracionespublicas.gob.es/icpplustiej/acCitarB,No,,245,29561967890,rodrigosalasp,https://github.com/rodrigosalasp/monitor-citas/actions/runs/29561967890
2026-07-17T09:26:38Z,2026-07-17 09:26:38,ERROR DE CONEXION,ABRIR_WEB,ERR_CONNECTION_RESET,178.2,3,32.5;4.4;4.4,,Si,"No fue posible cargar correctamente la sede después de 3 intentos. | Intento 1; fase=CARGAR_TRAMITE; tipo_error=TIMEOUT_SELECTOR; duracion=32.5s; TimeoutError: Page.wait_for_selector: Timeout 30000ms exceeded. | Call log: | - waiting for locator(""select[id='tramiteGrupo[2]']"") to be visible | - waiting for navigation to finish... | - navigated to ""https://sede.administracionespublicas.gob.es/icpplustiej/selectProvincia"" | || Intento 2; fase=ABRIR_WEB; tipo_error=ERR_CONNECTION_RESET; duracion=4.4s; Error: Page.goto: net::ERR_CONNECTION_RESET at https://sede.administracionespublicas.gob.es/icpplustiej/citar?org=JUS-RC&locale=es&appVersion=V+7.44.4 | Call log: | - navigating to ""https://sede.administracionespublicas.gob.es/icpplustiej/citar?org=JUS-RC&locale=es&appVersion=V+7.44.4"", waiting until ""domcontentloaded"" | || Intento 3; fase=ABRIR_WEB; tipo_error=ERR_CONNECTION_RESET; duracion=4.4s; Error: Page.goto: net::ERR_CONNECTION_RESET at https://sede.administracionespublicas.gob.es/icpplustiej/citar?org=JUS-RC&locale=es&appVersion=V+7.44.4 | Call log: | - navigating to ""https://sede.administracionespublicas.gob.es/icpplustiej/citar?org=JUS-RC&locale=es&appVersion=V+7.44.4"", waiting until ""domcontentloaded"" | ",246,29569534518,rodrigosalasp,https://github.com/rodrigosalasp/monitor-citas/actions/runs/29569534518
2026-07-17T11:10:20Z,2026-07-17 11:10:20,NO HAY CITAS DISPONIBLES,RESULTADO,,43.6,1,6.8,https://sede.administracionespublicas.gob.es/icpplustiej/acCitarB,No,,247,29575550725,rodrigosalasp,https://github.com/rodrigosalasp/monitor-citas/actions/runs/29575550725
2026-07-17T12:22:21Z,2026-07-17 12:22:21,NO HAY CITAS DISPONIBLES,RESULTADO,,44.5,1,7.5,https://sede.administracionespublicas.gob.es/icpplustiej/acCitarB,No,,248,29579813840,rodrigosalasp,https://github.com/rodrigosalasp/monitor-citas/actions/runs/29579813840
2026-07-17T14:15:46Z,2026-07-17 14:15:46,NO HAY CITAS DISPONIBLES,RESULTADO,,43.7,1,7.1,https://sede.administracionespublicas.gob.es/icpplustiej/acCitarB,No,,249,29586931011,rodrigosalasp,https://github.com/rodrigosalasp/monitor-citas/actions/runs/29586931011
2026-07-17T15:56:02Z,2026-07-17 15:56:02,NO HAY CITAS DISPONIBLES,RESULTADO,,41.9,1,5.5,https://sede.administracionespublicas.gob.es/icpplustiej/acCitarB,No,,250,29593976271,rodrigosalasp,https://github.com/rodrigosalasp/monitor-citas/actions/runs/29593976271
2026-07-17T17:30:10Z,2026-07-17 17:30:10,ERROR DE CONEXION,ABRIR_WEB,ERR_CONNECTION_RESET,279.3,3,90.0;4.6;4.6,,Si,"No fue posible cargar correctamente la sede después de 3 intentos. | Intento 1; fase=ABRIR_WEB; tipo_error=TIMEOUT_GOTO; duracion=90.0s; TimeoutError: Page.goto: Timeout 90000ms exceeded. | Call log: | - navigating to ""https://sede.administracionespublicas.gob.es/icpplustiej/citar?org=JUS-RC&locale=es&appVersion=V+7.44.4"", waiting until ""domcontentloaded"" | || Intento 2; fase=ABRIR_WEB; tipo_error=ERR_CONNECTION_RESET; duracion=4.6s; Error: Page.goto: net::ERR_CONNECTION_RESET at https://sede.administracionespublicas.gob.es/icpplustiej/citar?org=JUS-RC&locale=es&appVersion=V+7.44.4 | Call log: | - navigating to ""https://sede.administracionespublicas.gob.es/icpplustiej/citar?org=JUS-RC&locale=es&appVersion=V+7.44.4"", waiting until ""domcontentloaded"" | || Intento 3; fase=ABRIR_WEB; tipo_error=ERR_CONNECTION_RESET; duracion=4.6s; Error: Page.goto: net::ERR_CONNECTION_RESET at https://sede.administracionespublicas.gob.es/icpplustiej/citar?org=JUS-RC&locale=es&appVersion=V+7.44.4 | Call log: | - navigating to ""https://sede.administracionespublicas.gob.es/icpplustiej/citar?org=JUS-RC&locale=es&appVersion=V+7.44.4"", waiting until ""domcontentloaded"" | ",251,29599674868,rodrigosalasp,https://github.com/rodrigosalasp/monitor-citas/actions/runs/29599674868
2026-07-17T18:43:56Z,2026-07-17 18:43:56,ERROR DE CONEXION,ABRIR_WEB,ERR_CONNECTION_RESET,295.2,3,90.0;4.6;4.6,,Si,"No fue posible cargar correctamente la sede después de 3 intentos. | Intento 1; fase=ABRIR_WEB; tipo_error=TIMEOUT_GOTO; duracion=90.0s; TimeoutError: Page.goto: Timeout 90000ms exceeded. | Call log: | - navigating to ""https://sede.administracionespublicas.gob.es/icpplustiej/citar?org=JUS-RC&locale=es&appVersion=V+7.44.4"", waiting until ""domcontentloaded"" | || Intento 2; fase=ABRIR_WEB; tipo_error=ERR_CONNECTION_RESET; duracion=4.6s; Error: Page.goto: net::ERR_CONNECTION_RESET at https://sede.administracionespublicas.gob.es/icpplustiej/citar?org=JUS-RC&locale=es&appVersion=V+7.44.4 | Call log: | - navigating to ""https://sede.administracionespublicas.gob.es/icpplustiej/citar?org=JUS-RC&locale=es&appVersion=V+7.44.4"", waiting until ""domcontentloaded"" | || Intento 3; fase=ABRIR_WEB; tipo_error=ERR_CONNECTION_RESET; duracion=4.6s; Error: Page.goto: net::ERR_CONNECTION_RESET at https://sede.administracionespublicas.gob.es/icpplustiej/citar?org=JUS-RC&locale=es&appVersion=V+7.44.4 | Call log: | - navigating to ""https://sede.administracionespublicas.gob.es/icpplustiej/citar?org=JUS-RC&locale=es&appVersion=V+7.44.4"", waiting until ""domcontentloaded"" | ",252,29604193421,rodrigosalasp,https://github.com/rodrigosalasp/monitor-citas/actions/runs/29604193421
2026-07-17T19:53:46Z,2026-07-17 19:53:46,NO HAY CITAS DISPONIBLES,RESULTADO,,43.6,1,6.0,https://sede.administracionespublicas.gob.es/icpplustiej/acCitarB,No,,253,29608959654,rodrigosalasp,https://github.com/rodrigosalasp/monitor-citas/actions/runs/29608959654
2026-07-17T21:12:39Z,2026-07-17 21:12:39,NO HAY CITAS DISPONIBLES,RESULTADO,,44.1,1,7.1,https://sede.administracionespublicas.gob.es/icpplustiej/acCitarB,No,,254,29613507834,rodrigosalasp,https://github.com/rodrigosalasp/monitor-citas/actions/runs/29613507834
2026-07-17T22:10:46Z,2026-07-17 22:10:46,NO HAY CITAS DISPONIBLES,RESULTADO,,41.2,1,4.9,https://sede.administracionespublicas.gob.es/icpplustiej/acCitarB,No,,255,29616749938,rodrigosalasp,https://github.com/rodrigosalasp/monitor-citas/actions/runs/29616749938
2026-07-17T23:11:05Z,2026-07-17 23:11:05,NO HAY CITAS DISPONIBLES,RESULTADO,,40.1,1,4.7,https://sede.administracionespublicas.gob.es/icpplustiej/acCitarB,No,,256,29619693787,rodrigosalasp,https://github.com/rodrigosalasp/monitor-citas/actions/runs/29619693787
2026-07-18T00:10:25Z,2026-07-18 00:10:25,NO HAY CITAS DISPONIBLES,RESULTADO,,40.4,1,4.8,https://sede.administracionespublicas.gob.es/icpplustiej/acCitarB,No,,257,29622313368,rodrigosalasp,https://github.com/rodrigosalasp/monitor-citas/actions/runs/29622313368
2026-07-18T03:34:43Z,2026-07-18 03:34:43,NO HAY CITAS DISPONIBLES,RESULTADO,,39.2,1,3.6,https://sede.administracionespublicas.gob.es/icpplustiej/acCitarB,No,,258,29628847549,rodrigosalasp,https://github.com/rodrigosalasp/monitor-citas/actions/runs/29628847549
2026-07-18T06:01:17Z,2026-07-18 06:01:17,NO HAY CITAS DISPONIBLES,RESULTADO,,43.5,1,7.2,https://sede.administracionespublicas.gob.es/icpplustiej/acCitarB,No,,259,29633035815,rodrigosalasp,https://github.com/rodrigosalasp/monitor-citas/actions/runs/29633035815
2026-07-18T08:08:10Z,2026-07-18 08:08:10,NO HAY CITAS DISPONIBLES,RESULTADO,,43.2,1,6.5,https://sede.administracionespublicas.gob.es/icpplustiej/acCitarB,No,,260,29636875355,rodrigosalasp,https://github.com/rodrigosalasp/monitor-citas/actions/runs/29636875355
2026-07-18T09:48:33Z,2026-07-18 09:48:33,NO HAY CITAS DISPONIBLES,RESULTADO,,43.9,1,6.9,https://sede.administracionespublicas.gob.es/icpplustiej/acCitarB,No,,261,29639630029,rodrigosalasp,https://github.com/rodrigosalasp/monitor-citas/actions/runs/29639630029
2026-07-18T10:59:39Z,2026-07-18 10:59:39,NO HAY CITAS DISPONIBLES,RESULTADO,,44.5,1,7.0,https://sede.administracionespublicas.gob.es/icpplustiej/acCitarB,No,,262,29641529632,rodrigosalasp,https://github.com/rodrigosalasp/monitor-citas/actions/runs/29641529632
2026-07-18T12:09:49Z,2026-07-18 12:09:49,NO HAY CITAS DISPONIBLES,RESULTADO,,42.8,1,5.5,https://sede.administracionespublicas.gob.es/icpplustiej/acCitarB,No,,263,29643577477,rodrigosalasp,https://github.com/rodrigosalasp/monitor-citas/actions/runs/29643577477
2026-07-18T13:44:33Z,2026-07-18 13:44:33,NO HAY CITAS DISPONIBLES,RESULTADO,,42.8,1,5.5,https://sede.administracionespublicas.gob.es/icpplustiej/acCitarB,No,,264,29646659341,rodrigosalasp,https://github.com/rodrigosalasp/monitor-citas/actions/runs/29646659341
2026-07-18T14:48:39Z,2026-07-18 14:48:39,ERROR DE CONEXION,ABRIR_WEB,ERR_CONNECTION_RESET,142.8,3,32.3;4.4;4.4,,Si,"No fue posible cargar correctamente la sede después de 3 intentos. | Intento 1; fase=CARGAR_TRAMITE; tipo_error=TIMEOUT_SELECTOR; duracion=32.3s; TimeoutError: Page.wait_for_selector: Timeout 30000ms exceeded. | Call log: | - waiting for locator(""select[id='tramiteGrupo[2]']"") to be visible | - waiting for navigation to finish... | || Intento 2; fase=ABRIR_WEB; tipo_error=ERR_CONNECTION_RESET; duracion=4.4s; Error: Page.goto: net::ERR_CONNECTION_RESET at https://sede.administracionespublicas.gob.es/icpplustiej/citar?org=JUS-RC&locale=es&appVersion=V+7.44.4 | Call log: | - navigating to ""https://sede.administracionespublicas.gob.es/icpplustiej/citar?org=JUS-RC&locale=es&appVersion=V+7.44.4"", waiting until ""domcontentloaded"" | || Intento 3; fase=ABRIR_WEB; tipo_error=ERR_CONNECTION_RESET; duracion=4.4s; Error: Page.goto: net::ERR_CONNECTION_RESET at https://sede.administracionespublicas.gob.es/icpplustiej/citar?org=JUS-RC&locale=es&appVersion=V+7.44.4 | Call log: | - navigating to ""https://sede.administracionespublicas.gob.es/icpplustiej/citar?org=JUS-RC&locale=es&appVersion=V+7.44.4"", waiting until ""domcontentloaded"" | ",265,29648487071,rodrigosalasp,https://github.com/rodrigosalasp/monitor-citas/actions/runs/29648487071
2026-07-18T15:41:15Z,2026-07-18 15:41:15,NO HAY CITAS DISPONIBLES,RESULTADO,,40.9,1,4.8,https://sede.administracionespublicas.gob.es/icpplustiej/acCitarB,No,,266,29650410347,rodrigosalasp,https://github.com/rodrigosalasp/monitor-citas/actions/runs/29650410347
2026-07-18T16:45:49Z,2026-07-18 16:45:49,NO HAY CITAS DISPONIBLES,RESULTADO,,43.0,1,5.8,https://sede.administracionespublicas.gob.es/icpplustiej/acCitarB,No,,267,29652347579,rodrigosalasp,https://github.com/rodrigosalasp/monitor-citas/actions/runs/29652347579
2026-07-18T17:50:10Z,2026-07-18 17:50:10,NO HAY CITAS DISPONIBLES,RESULTADO,,48.4,1,5.6,https://sede.administracionespublicas.gob.es/icpplustiej/acCitarB,No,,268,29654427933,rodrigosalasp,https://github.com/rodrigosalasp/monitor-citas/actions/runs/29654427933
2026-07-18T18:46:36Z,2026-07-18 18:46:36,ERROR GENERAL,SOLICITAR_CITA,RUNTIME_ERROR,39.6,1,5.7,https://sede.administracionespublicas.gob.es/icpplustiej/infogenerica,Si,No se encontró el botón Solicitar Cita.,269,29656266690,rodrigosalasp,https://github.com/rodrigosalasp/monitor-citas/actions/runs/29656266690
2026-07-18T20:01:13Z,2026-07-18 20:01:13,NO HAY CITAS DISPONIBLES,RESULTADO,,44.6,1,6.9,https://sede.administracionespublicas.gob.es/icpplustiej/acCitarB,No,,270,29658662440,rodrigosalasp,https://github.com/rodrigosalasp/monitor-citas/actions/runs/29658662440
2026-07-18T21:11:02Z,2026-07-18 21:11:02,NO HAY CITAS DISPONIBLES,RESULTADO,,42.3,1,6.1,https://sede.administracionespublicas.gob.es/icpplustiej/acCitarB,No,,271,29660829575,rodrigosalasp,https://github.com/rodrigosalasp/monitor-citas/actions/runs/29660829575
2026-07-18T22:09:47Z,2026-07-18 22:09:47,NO HAY CITAS DISPONIBLES,RESULTADO,,41.7,1,5.1,https://sede.administracionespublicas.gob.es/icpplustiej/acCitarB,No,,272,29662681893,rodrigosalasp,https://github.com/rodrigosalasp/monitor-citas/actions/runs/29662681893
2026-07-18T23:13:22Z,2026-07-18 23:13:22,NO HAY CITAS DISPONIBLES,RESULTADO,,59.2,1,6.0,https://sede.administracionespublicas.gob.es/icpplustiej/acCitarB,No,,273,29664568716,rodrigosalasp,https://github.com/rodrigosalasp/monitor-citas/actions/runs/29664568716
2026-07-19T00:12:38Z,2026-07-19 00:12:38,NO HAY CITAS DISPONIBLES,RESULTADO,,42.6,1,5.3,https://sede.administracionespublicas.gob.es/icpplustiej/acCitarB,No,,274,29666348533,rodrigosalasp,https://github.com/rodrigosalasp/monitor-citas/actions/runs/29666348533
2026-07-19T03:55:52Z,2026-07-19 03:55:52,NO HAY CITAS DISPONIBLES,RESULTADO,,43.0,1,4.7,https://sede.administracionespublicas.gob.es/icpplustiej/acCitarB,No,,275,29672322286,rodrigosalasp,https://github.com/rodrigosalasp/monitor-citas/actions/runs/29672322286
2026-07-19T06:53:07Z,2026-07-19 06:53:07,ERROR DE CONEXION,ABRIR_WEB,ERR_CONNECTION_RESET,267.4,3,90.0;4.6;4.6,,Si,"No fue posible cargar correctamente la sede después de 3 intentos. | Intento 1; fase=ABRIR_WEB; tipo_error=TIMEOUT_GOTO; duracion=90.0s; TimeoutError: Page.goto: Timeout 90000ms exceeded. | Call log: | - navigating to ""https://sede.administracionespublicas.gob.es/icpplustiej/citar?org=JUS-RC&locale=es&appVersion=V+7.44.4"", waiting until ""domcontentloaded"" | || Intento 2; fase=ABRIR_WEB; tipo_error=ERR_CONNECTION_RESET; duracion=4.6s; Error: Page.goto: net::ERR_CONNECTION_RESET at https://sede.administracionespublicas.gob.es/icpplustiej/citar?org=JUS-RC&locale=es&appVersion=V+7.44.4 | Call log: | - navigating to ""https://sede.administracionespublicas.gob.es/icpplustiej/citar?org=JUS-RC&locale=es&appVersion=V+7.44.4"", waiting until ""domcontentloaded"" | || Intento 3; fase=ABRIR_WEB; tipo_error=ERR_CONNECTION_RESET; duracion=4.6s; Error: Page.goto: net::ERR_CONNECTION_RESET at https://sede.administracionespublicas.gob.es/icpplustiej/citar?org=JUS-RC&locale=es&appVersion=V+7.44.4 | Call log: | - navigating to ""https://sede.administracionespublicas.gob.es/icpplustiej/citar?org=JUS-RC&locale=es&appVersion=V+7.44.4"", waiting until ""domcontentloaded"" | ",276,29676812436,rodrigosalasp,https://github.com/rodrigosalasp/monitor-citas/actions/runs/29676812436
2026-07-19T09:05:13Z,2026-07-19 09:05:13,NO HAY CITAS DISPONIBLES,RESULTADO,,43.8,1,7.2,https://sede.administracionespublicas.gob.es/icpplustiej/acCitarB,No,,277,29680748123,rodrigosalasp,https://github.com/rodrigosalasp/monitor-citas/actions/runs/29680748123
2026-07-19T10:47:01Z,2026-07-19 10:47:01,NO HAY CITAS DISPONIBLES,RESULTADO,,44.9,1,6.8,https://sede.administracionespublicas.gob.es/icpplustiej/acCitarB,No,,278,29683774244,rodrigosalasp,https://github.com/rodrigosalasp/monitor-citas/actions/runs/29683774244
2026-07-19T11:47:56Z,2026-07-19 11:47:56,NO HAY CITAS DISPONIBLES,RESULTADO,,40.9,1,4.9,https://sede.administracionespublicas.gob.es/icpplustiej/acCitarB,No,,279,29685667941,rodrigosalasp,https://github.com/rodrigosalasp/monitor-citas/actions/runs/29685667941
2026-07-19T12:45:13Z,2026-07-19 12:45:13,NO HAY CITAS DISPONIBLES,RESULTADO,,44.1,1,7.1,https://sede.administracionespublicas.gob.es/icpplustiej/acCitarB,No,,280,29687381019,rodrigosalasp,https://github.com/rodrigosalasp/monitor-citas/actions/runs/29687381019
2026-07-19T14:18:11Z,2026-07-19 14:18:11,NO HAY CITAS DISPONIBLES,RESULTADO,,42.6,1,5.9,https://sede.administracionespublicas.gob.es/icpplustiej/acCitarB,No,,281,29690427373,rodrigosalasp,https://github.com/rodrigosalasp/monitor-citas/actions/runs/29690427373
2026-07-19T15:33:11Z,2026-07-19 15:33:11,NO HAY CITAS DISPONIBLES,RESULTADO,,46.3,1,8.7,https://sede.administracionespublicas.gob.es/icpplustiej/acCitarB,No,,282,29692945066,rodrigosalasp,https://github.com/rodrigosalasp/monitor-citas/actions/runs/29692945066
2026-07-19T16:44:19Z,2026-07-19 16:44:19,NO HAY CITAS DISPONIBLES,RESULTADO,,43.8,1,7.3,https://sede.administracionespublicas.gob.es/icpplustiej/acCitarB,No,,283,29695226566,rodrigosalasp,https://github.com/rodrigosalasp/monitor-citas/actions/runs/29695226566
2026-07-19T17:50:19Z,2026-07-19 17:50:19,NO HAY CITAS DISPONIBLES,RESULTADO,,42.0,1,5.5,https://sede.administracionespublicas.gob.es/icpplustiej/acCitarB,No,,284,29697386570,rodrigosalasp,https://github.com/rodrigosalasp/monitor-citas/actions/runs/29697386570
2026-07-19T18:48:39Z,2026-07-19 18:48:39,NO HAY CITAS DISPONIBLES,RESULTADO,,45.5,1,7.3,https://sede.administracionespublicas.gob.es/icpplustiej/acCitarB,No,,285,29699135389,rodrigosalasp,https://github.com/rodrigosalasp/monitor-citas/actions/runs/29699135389
2026-07-19T20:02:30Z,2026-07-19 20:02:30,NO HAY CITAS DISPONIBLES,RESULTADO,,41.3,1,4.6,https://sede.administracionespublicas.gob.es/icpplustiej/acCitarB,No,,286,29701554212,rodrigosalasp,https://github.com/rodrigosalasp/monitor-citas/actions/runs/29701554212
2026-07-19T21:10:46Z,2026-07-19 21:10:46,NO HAY CITAS DISPONIBLES,RESULTADO,,44.2,1,7.0,https://sede.administracionespublicas.gob.es/icpplustiej/acCitarB,No,,287,29703672254,rodrigosalasp,https://github.com/rodrigosalasp/monitor-citas/actions/runs/29703672254
2026-07-19T22:10:47Z,2026-07-19 22:10:47,NO HAY CITAS DISPONIBLES,RESULTADO,,39.4,1,3.9,https://sede.administracionespublicas.gob.es/icpplustiej/acCitarB,No,,288,29705525906,rodrigosalasp,https://github.com/rodrigosalasp/monitor-citas/actions/runs/29705525906
2026-07-19T23:14:42Z,2026-07-19 23:14:42,NO HAY CITAS DISPONIBLES,RESULTADO,,41.7,1,4.9,https://sede.administracionespublicas.gob.es/icpplustiej/acCitarB,No,,289,29707396470,rodrigosalasp,https://github.com/rodrigosalasp/monitor-citas/actions/runs/29707396470
2026-07-20T01:05:22Z,2026-07-20 01:05:22,NO HAY CITAS DISPONIBLES,RESULTADO,,41.3,1,3.9,https://sede.administracionespublicas.gob.es/icpplustiej/acCitarB,No,,290,29710315669,rodrigosalasp,https://github.com/rodrigosalasp/monitor-citas/actions/runs/29710315669
2026-07-20T04:55:28Z,2026-07-20 04:55:28,NO HAY CITAS DISPONIBLES,RESULTADO,,44.0,1,7.0,https://sede.administracionespublicas.gob.es/icpplustiej/acCitarB,No,,291,29717680389,rodrigosalasp,https://github.com/rodrigosalasp/monitor-citas/actions/runs/29717680389
2026-07-20T08:22:21Z,2026-07-20 08:22:21,NO HAY CITAS DISPONIBLES,RESULTADO,,44.0,1,5.8,https://sede.administracionespublicas.gob.es/icpplustiej/acCitarB,No,,292,29727280004,rodrigosalasp,https://github.com/rodrigosalasp/monitor-citas/actions/runs/29727280004
2026-07-20T11:25:14Z,2026-07-20 11:25:14,NO HAY CITAS DISPONIBLES,RESULTADO,,43.2,1,5.5,https://sede.administracionespublicas.gob.es/icpplustiej/acCitarB,No,,293,29738180361,rodrigosalasp,https://github.com/rodrigosalasp/monitor-citas/actions/runs/29738180361
2026-07-20T13:26:40Z,2026-07-20 13:26:40,NO HAY CITAS DISPONIBLES,RESULTADO,,41.0,1,4.8,https://sede.administracionespublicas.gob.es/icpplustiej/acCitarB,No,,294,29746064068,rodrigosalasp,https://github.com/rodrigosalasp/monitor-citas/actions/runs/29746064068
2026-07-20T15:35:24Z,2026-07-20 15:35:24,NO HAY CITAS DISPONIBLES,RESULTADO,,43.2,1,6.5,https://sede.administracionespublicas.gob.es/icpplustiej/acCitarB,No,,295,29755290156,rodrigosalasp,https://github.com/rodrigosalasp/monitor-citas/actions/runs/29755290156
2026-07-20T17:14:32Z,2026-07-20 17:14:32,NO HAY CITAS DISPONIBLES,RESULTADO,,42.2,1,5.3,https://sede.administracionespublicas.gob.es/icpplustiej/acCitarB,No,,296,29762759445,rodrigosalasp,https://github.com/rodrigosalasp/monitor-citas/actions/runs/29762759445
2026-07-20T19:24:12Z,2026-07-20 19:24:12,ERROR DE CONEXION,ABRIR_WEB,ERR_CONNECTION_RESET,270.3,3,90.0;4.7;4.6,,Si,"No fue posible cargar correctamente la sede después de 3 intentos. | Intento 1; fase=ABRIR_WEB; tipo_error=TIMEOUT_GOTO; duracion=90.0s; TimeoutError: Page.goto: Timeout 90000ms exceeded. | Call log: | - navigating to ""https://sede.administracionespublicas.gob.es/icpplustiej/citar?org=JUS-RC&locale=es&appVersion=V+7.44.4"", waiting until ""domcontentloaded"" | || Intento 2; fase=ABRIR_WEB; tipo_error=ERR_CONNECTION_RESET; duracion=4.7s; Error: Page.goto: net::ERR_CONNECTION_RESET at https://sede.administracionespublicas.gob.es/icpplustiej/citar?org=JUS-RC&locale=es&appVersion=V+7.44.4 | Call log: | - navigating to ""https://sede.administracionespublicas.gob.es/icpplustiej/citar?org=JUS-RC&locale=es&appVersion=V+7.44.4"", waiting until ""domcontentloaded"" | || Intento 3; fase=ABRIR_WEB; tipo_error=ERR_CONNECTION_RESET; duracion=4.6s; Error: Page.goto: net::ERR_CONNECTION_RESET at https://sede.administracionespublicas.gob.es/icpplustiej/citar?org=JUS-RC&locale=es&appVersion=V+7.44.4 | Call log: | - navigating to ""https://sede.administracionespublicas.gob.es/icpplustiej/citar?org=JUS-RC&locale=es&appVersion=V+7.44.4"", waiting until ""domcontentloaded"" | ",298,29771008926,rodrigosalasp,https://github.com/rodrigosalasp/monitor-citas/actions/runs/29771008926
2026-07-20T20:49:07Z,2026-07-20 20:49:07,NO HAY CITAS DISPONIBLES,RESULTADO,,41.2,1,4.8,https://sede.administracionespublicas.gob.es/icpplustiej/acCitarB,No,,299,29777580977,rodrigosalasp,https://github.com/rodrigosalasp/monitor-citas/actions/runs/29777580977
2026-07-20T22:15:20Z,2026-07-20 22:15:20,NO HAY CITAS DISPONIBLES,RESULTADO,,42.7,1,6.9,https://sede.administracionespublicas.gob.es/icpplustiej/acCitarB,No,,300,29782924429,rodrigosalasp,https://github.com/rodrigosalasp/monitor-citas/actions/runs/29782924429
2026-07-20T23:43:38Z,2026-07-20 23:43:38,ERROR DE CONEXION,ABRIR_WEB,RUNTIME_ERROR,491.3,3,90.0;90.0;90.0,,Si,"No fue posible cargar correctamente la sede después de 3 intentos. | Intento 1; fase=ABRIR_WEB; tipo_error=TIMEOUT_GOTO; duracion=90.0s; TimeoutError: Page.goto: Timeout 90000ms exceeded. | Call log: | - navigating to ""https://sede.administracionespublicas.gob.es/icpplustiej/citar?org=JUS-RC&locale=es&appVersion=V+7.44.4"", waiting until ""domcontentloaded"" | || Intento 2; fase=ABRIR_WEB; tipo_error=TIMEOUT_GOTO; duracion=90.0s; TimeoutError: Page.goto: Timeout 90000ms exceeded. | Call log: | - navigating to ""https://sede.administracionespublicas.gob.es/icpplustiej/citar?org=JUS-RC&locale=es&appVersion=V+7.44.4"", waiting until ""domcontentloaded"" | || Intento 3; fase=ABRIR_WEB; tipo_error=TIMEOUT_GOTO; duracion=90.0s; TimeoutError: Page.goto: Timeout 90000ms exceeded. | Call log: | - navigating to ""https://sede.administracionespublicas.gob.es/icpplustiej/citar?org=JUS-RC&locale=es&appVersion=V+7.44.4"", waiting until ""domcontentloaded"" | ",301,29787339688,rodrigosalasp,https://github.com/rodrigosalasp/monitor-citas/actions/runs/29787339688
2026-07-21T01:18:13Z,2026-07-21 01:18:13,NO HAY CITAS DISPONIBLES,RESULTADO,,40.8,1,5.1,https://sede.administracionespublicas.gob.es/icpplustiej/acCitarB,No,,302,29792428952,rodrigosalasp,https://github.com/rodrigosalasp/monitor-citas/actions/runs/29792428952
2026-07-21T04:44:20Z,2026-07-21 04:44:20,NO HAY CITAS DISPONIBLES,RESULTADO,,40.8,1,4.6,https://sede.administracionespublicas.gob.es/icpplustiej/acCitarB,No,,303,29801976089,rodrigosalasp,https://github.com/rodrigosalasp/monitor-citas/actions/runs/29801976089
2026-07-21T07:25:21Z,2026-07-21 07:25:21,NO HAY CITAS DISPONIBLES,RESULTADO,,41.1,1,4.9,https://sede.administracionespublicas.gob.es/icpplustiej/acCitarB,No,,304,29810185642,rodrigosalasp,https://github.com/rodrigosalasp/monitor-citas/actions/runs/29810185642
2026-07-21T10:04:49Z,2026-07-21 10:04:49,NO HAY CITAS DISPONIBLES,RESULTADO,,44.8,1,7.7,https://sede.administracionespublicas.gob.es/icpplustiej/acCitarB,No,,305,29820416631,rodrigosalasp,https://github.com/rodrigosalasp/monitor-citas/actions/runs/29820416631
2026-07-21T12:07:29Z,2026-07-21 12:07:29,NO HAY CITAS DISPONIBLES,RESULTADO,,167.9,2,41.4;7.7,https://sede.administracionespublicas.gob.es/icpplustiej/acCitarB,No,,306,29828120565,rodrigosalasp,https://github.com/rodrigosalasp/monitor-citas/actions/runs/29828120565
2026-07-21T14:23:10Z,2026-07-21 14:23:10,NO HAY CITAS DISPONIBLES,RESULTADO,,45.0,1,7.9,https://sede.administracionespublicas.gob.es/icpplustiej/acCitarB,No,,307,29838354411,rodrigosalasp,https://github.com/rodrigosalasp/monitor-citas/actions/runs/29838354411
2026-07-21T16:04:16Z,2026-07-21 16:04:16,NO HAY CITAS DISPONIBLES,RESULTADO,,44.8,1,6.2,https://sede.administracionespublicas.gob.es/icpplustiej/acCitarB,No,,308,29846559533,rodrigosalasp,https://github.com/rodrigosalasp/monitor-citas/actions/runs/29846559533
2026-07-21T17:45:30Z,2026-07-21 17:45:30,NO HAY CITAS DISPONIBLES,RESULTADO,,41.7,1,5.6,https://sede.administracionespublicas.gob.es/icpplustiej/acCitarB,No,,309,29853933734,rodrigosalasp,https://github.com/rodrigosalasp/monitor-citas/actions/runs/29853933734
2026-07-21T19:02:49Z,2026-07-21 19:02:49,NO HAY CITAS DISPONIBLES,RESULTADO,,43.4,1,6.7,https://sede.administracionespublicas.gob.es/icpplustiej/acCitarB,No,,310,29859413332,rodrigosalasp,https://github.com/rodrigosalasp/monitor-citas/actions/runs/29859413332
2026-07-21T20:26:29Z,2026-07-21 20:26:29,NO HAY CITAS DISPONIBLES,RESULTADO,,43.3,1,5.5,https://sede.administracionespublicas.gob.es/icpplustiej/acCitarB,No,,311,29865507474,rodrigosalasp,https://github.com/rodrigosalasp/monitor-citas/actions/runs/29865507474
2026-07-21T21:43:48Z,2026-07-21 21:43:48,NO HAY CITAS DISPONIBLES,RESULTADO,,40.1,1,4.6,https://sede.administracionespublicas.gob.es/icpplustiej/acCitarB,No,,312,29870719526,rodrigosalasp,https://github.com/rodrigosalasp/monitor-citas/actions/runs/29870719526
2026-07-21T22:43:17Z,2026-07-21 22:43:17,NO HAY CITAS DISPONIBLES,RESULTADO,,41.4,1,4.8,https://sede.administracionespublicas.gob.es/icpplustiej/acCitarB,No,,313,29874463099,rodrigosalasp,https://github.com/rodrigosalasp/monitor-citas/actions/runs/29874463099
2026-07-21T23:46:25Z,2026-07-21 23:46:25,NO HAY CITAS DISPONIBLES,RESULTADO,,41.0,1,4.4,https://sede.administracionespublicas.gob.es/icpplustiej/acCitarB,No,,314,29877954185,rodrigosalasp,https://github.com/rodrigosalasp/monitor-citas/actions/runs/29877954185
2026-07-22T01:14:39Z,2026-07-22 01:14:39,NO HAY CITAS DISPONIBLES,RESULTADO,,40.3,1,4.7,https://sede.administracionespublicas.gob.es/icpplustiej/acCitarB,No,,315,29882337201,rodrigosalasp,https://github.com/rodrigosalasp/monitor-citas/actions/runs/29882337201
2026-07-22T04:49:55Z,2026-07-22 04:49:55,NO HAY CITAS DISPONIBLES,RESULTADO,,44.4,1,7.4,https://sede.administracionespublicas.gob.es/icpplustiej/acCitarB,No,,316,29891773883,rodrigosalasp,https://github.com/rodrigosalasp/monitor-citas/actions/runs/29891773883
2026-07-22T07:31:23Z,2026-07-22 07:31:23,NO HAY CITAS DISPONIBLES,RESULTADO,,41.5,1,5.1,https://sede.administracionespublicas.gob.es/icpplustiej/acCitarB,No,,317,29900155121,rodrigosalasp,https://github.com/rodrigosalasp/monitor-citas/actions/runs/29900155121
2026-07-22T10:05:58Z,2026-07-22 10:05:58,NO HAY CITAS DISPONIBLES,RESULTADO,,45.6,1,7.5,https://sede.administracionespublicas.gob.es/icpplustiej/acCitarB,No,,318,29910204499,rodrigosalasp,https://github.com/rodrigosalasp/monitor-citas/actions/runs/29910204499
2026-07-22T12:06:09Z,2026-07-22 12:06:09,NO HAY CITAS DISPONIBLES,RESULTADO,,43.4,1,5.5,https://sede.administracionespublicas.gob.es/icpplustiej/acCitarB,No,,319,29917838122,rodrigosalasp,https://github.com/rodrigosalasp/monitor-citas/actions/runs/29917838122
2026-07-22T14:22:58Z,2026-07-22 14:22:58,NO HAY CITAS DISPONIBLES,RESULTADO,,43.6,1,6.9,https://sede.administracionespublicas.gob.es/icpplustiej/acCitarB,No,,320,29927950417,rodrigosalasp,https://github.com/rodrigosalasp/monitor-citas/actions/runs/29927950417
2026-07-22T16:01:18Z,2026-07-22 16:01:18,NO HAY CITAS DISPONIBLES,RESULTADO,,42.3,1,6.0,https://sede.administracionespublicas.gob.es/icpplustiej/acCitarB,No,,321,29935771951,rodrigosalasp,https://github.com/rodrigosalasp/monitor-citas/actions/runs/29935771951
2026-07-22T17:43:36Z,2026-07-22 17:43:36,NO HAY CITAS DISPONIBLES,RESULTADO,,41.6,1,5.0,https://sede.administracionespublicas.gob.es/icpplustiej/acCitarB,No,,322,29943085829,rodrigosalasp,https://github.com/rodrigosalasp/monitor-citas/actions/runs/29943085829
2026-07-22T18:51:34Z,2026-07-22 18:51:34,NO HAY CITAS DISPONIBLES,RESULTADO,,45.2,1,7.4,https://sede.administracionespublicas.gob.es/icpplustiej/acCitarB,No,,323,29948276214,rodrigosalasp,https://github.com/rodrigosalasp/monitor-citas/actions/runs/29948276214
2026-07-22T20:21:10Z,2026-07-22 20:21:10,NO HAY CITAS DISPONIBLES,RESULTADO,,42.1,1,5.5,https://sede.administracionespublicas.gob.es/icpplustiej/acCitarB,No,,324,29954575453,rodrigosalasp,https://github.com/rodrigosalasp/monitor-citas/actions/runs/29954575453
2026-07-22T21:37:42Z,2026-07-22 21:37:42,NO HAY CITAS DISPONIBLES,RESULTADO,,42.0,1,4.6,https://sede.administracionespublicas.gob.es/icpplustiej/acCitarB,No,,325,29959755567,rodrigosalasp,https://github.com/rodrigosalasp/monitor-citas/actions/runs/29959755567
2026-07-22T22:48:06Z,2026-07-22 22:48:06,NO HAY CITAS DISPONIBLES,RESULTADO,,41.2,1,5.4,https://sede.administracionespublicas.gob.es/icpplustiej/acCitarB,No,,326,29963806438,rodrigosalasp,https://github.com/rodrigosalasp/monitor-citas/actions/runs/29963806438
2026-07-22T23:53:23Z,2026-07-22 23:53:23,NO HAY CITAS DISPONIBLES,RESULTADO,,42.7,1,6.4,https://sede.administracionespublicas.gob.es/icpplustiej/acCitarB,No,,327,29967031489,rodrigosalasp,https://github.com/rodrigosalasp/monitor-citas/actions/runs/29967031489
2026-07-23T01:22:23Z,2026-07-23 01:22:23,NO HAY CITAS DISPONIBLES,RESULTADO,,40.5,1,4.1,https://sede.administracionespublicas.gob.es/icpplustiej/acCitarB,No,,328,29971381627,rodrigosalasp,https://github.com/rodrigosalasp/monitor-citas/actions/runs/29971381627
2026-07-23T04:54:38Z,2026-07-23 04:54:38,NO HAY CITAS DISPONIBLES,RESULTADO,,42.6,1,6.4,https://sede.administracionespublicas.gob.es/icpplustiej/acCitarB,No,,329,29980421257,rodrigosalasp,https://github.com/rodrigosalasp/monitor-citas/actions/runs/29980421257
2026-07-23T07:45:19Z,2026-07-23 07:45:19,NO HAY CITAS DISPONIBLES,RESULTADO,,46.1,1,8.8,https://sede.administracionespublicas.gob.es/icpplustiej/acCitarB,No,,330,29989018978,rodrigosalasp,https://github.com/rodrigosalasp/monitor-citas/actions/runs/29989018978
2026-07-23T10:11:09Z,2026-07-23 10:11:09,NO HAY CITAS DISPONIBLES,RESULTADO,,43.5,1,5.8,https://sede.administracionespublicas.gob.es/icpplustiej/acCitarB,No,,331,29998038384,rodrigosalasp,https://github.com/rodrigosalasp/monitor-citas/actions/runs/29998038384
2026-07-23T12:03:24Z,2026-07-23 12:03:24,NO HAY CITAS DISPONIBLES,RESULTADO,,41.1,1,5.3,https://sede.administracionespublicas.gob.es/icpplustiej/acCitarB,No,,332,30005337601,rodrigosalasp,https://github.com/rodrigosalasp/monitor-citas/actions/runs/30005337601
2026-07-23T14:34:29Z,2026-07-23 14:34:29,NO HAY CITAS DISPONIBLES,RESULTADO,,44.4,1,5.6,https://sede.administracionespublicas.gob.es/icpplustiej/acCitarB,No,,333,30015823828,rodrigosalasp,https://github.com/rodrigosalasp/monitor-citas/actions/runs/30015823828
2026-07-23T16:13:45Z,2026-07-23 16:13:45,NO HAY CITAS DISPONIBLES,RESULTADO,,42.6,1,6.0,https://sede.administracionespublicas.gob.es/icpplustiej/acCitarB,No,,334,30023833191,rodrigosalasp,https://github.com/rodrigosalasp/monitor-citas/actions/runs/30023833191
2026-07-23T17:59:15Z,2026-07-23 17:59:15,NO HAY CITAS DISPONIBLES,RESULTADO,,45.6,1,8.3,https://sede.administracionespublicas.gob.es/icpplustiej/acCitarB,No,,335,30031393321,rodrigosalasp,https://github.com/rodrigosalasp/monitor-citas/actions/runs/30031393321
2026-07-23T19:56:13Z,2026-07-23 19:56:13,ERROR DE CONEXION,ABRIR_WEB,RUNTIME_ERROR,506.8,3,90.0;90.0;90.0,,Si,"No fue posible cargar correctamente la sede después de 3 intentos. | Intento 1; fase=ABRIR_WEB; tipo_error=TIMEOUT_GOTO; duracion=90.0s; TimeoutError: Page.goto: Timeout 90000ms exceeded. | Call log: | - navigating to ""https://sede.administracionespublicas.gob.es/icpplustiej/citar?org=JUS-RC&locale=es&appVersion=V+7.44.4"", waiting until ""domcontentloaded"" | || Intento 2; fase=ABRIR_WEB; tipo_error=TIMEOUT_GOTO; duracion=90.0s; TimeoutError: Page.goto: Timeout 90000ms exceeded. | Call log: | - navigating to ""https://sede.administracionespublicas.gob.es/icpplustiej/citar?org=JUS-RC&locale=es&appVersion=V+7.44.4"", waiting until ""domcontentloaded"" | || Intento 3; fase=ABRIR_WEB; tipo_error=TIMEOUT_GOTO; duracion=90.0s; TimeoutError: Page.goto: Timeout 90000ms exceeded. | Call log: | - navigating to ""https://sede.administracionespublicas.gob.es/icpplustiej/citar?org=JUS-RC&locale=es&appVersion=V+7.44.4"", waiting until ""domcontentloaded"" | ",336,30038930707,rodrigosalasp,https://github.com/rodrigosalasp/monitor-citas/actions/runs/30038930707
2026-07-23T20:45:56Z,2026-07-23 20:45:56,NO HAY CITAS DISPONIBLES,RESULTADO,,41.2,1,5.5,https://sede.administracionespublicas.gob.es/icpplustiej/acCitarB,No,,337,30043328447,rodrigosalasp,https://github.com/rodrigosalasp/monitor-citas/actions/runs/30043328447
2026-07-23T21:50:43Z,2026-07-23 21:50:43,NO HAY CITAS DISPONIBLES,RESULTADO,,42.5,1,6.7,https://sede.administracionespublicas.gob.es/icpplustiej/acCitarB,No,,338,30047497612,rodrigosalasp,https://github.com/rodrigosalasp/monitor-citas/actions/runs/30047497612
2026-07-23T22:49:55Z,2026-07-23 22:49:55,NO HAY CITAS DISPONIBLES,RESULTADO,,42.5,1,5.7,https://sede.administracionespublicas.gob.es/icpplustiej/acCitarB,No,,339,30050786052,rodrigosalasp,https://github.com/rodrigosalasp/monitor-citas/actions/runs/30050786052
2026-07-23T23:49:45Z,2026-07-23 23:49:45,NO HAY CITAS DISPONIBLES,RESULTADO,,43.6,1,6.4,https://sede.administracionespublicas.gob.es/icpplustiej/acCitarB,No,,340,30054003215,rodrigosalasp,https://github.com/rodrigosalasp/monitor-citas/actions/runs/30054003215
2026-07-24T01:14:19Z,2026-07-24 01:14:19,NO HAY CITAS DISPONIBLES,RESULTADO,,42.5,1,6.6,https://sede.administracionespublicas.gob.es/icpplustiej/acCitarB,No,,341,30058312479,rodrigosalasp,https://github.com/rodrigosalasp/monitor-citas/actions/runs/30058312479
2026-07-24T04:45:49Z,2026-07-24 04:45:49,NO HAY CITAS DISPONIBLES,RESULTADO,,41.4,1,5.1,https://sede.administracionespublicas.gob.es/icpplustiej/acCitarB,No,,342,30067555862,rodrigosalasp,https://github.com/rodrigosalasp/monitor-citas/actions/runs/30067555862
2026-07-24T07:24:21Z,2026-07-24 07:24:21,NO HAY CITAS DISPONIBLES,RESULTADO,,46.4,1,8.7,https://sede.administracionespublicas.gob.es/icpplustiej/acCitarB,No,,343,30075157766,rodrigosalasp,https://github.com/rodrigosalasp/monitor-citas/actions/runs/30075157766
2026-07-24T09:51:37Z,2026-07-24 09:51:37,NO HAY CITAS DISPONIBLES,RESULTADO,,47.3,1,8.3,https://sede.administracionespublicas.gob.es/icpplustiej/acCitarB,No,,344,30083527399,rodrigosalasp,https://github.com/rodrigosalasp/monitor-citas/actions/runs/30083527399
2026-07-24T11:32:03Z,2026-07-24 11:32:03,NO HAY CITAS DISPONIBLES,RESULTADO,,42.9,1,5.7,https://sede.administracionespublicas.gob.es/icpplustiej/acCitarB,No,,345,30089599313,rodrigosalasp,https://github.com/rodrigosalasp/monitor-citas/actions/runs/30089599313
2026-07-24T13:10:41Z,2026-07-24 13:10:41,NO HAY CITAS DISPONIBLES,RESULTADO,,44.6,1,7.4,https://sede.administracionespublicas.gob.es/icpplustiej/acCitarB,No,,346,30095323966,rodrigosalasp,https://github.com/rodrigosalasp/monitor-citas/actions/runs/30095323966
2026-07-24T15:08:48Z,2026-07-24 15:08:48,NO HAY CITAS DISPONIBLES,RESULTADO,,43.3,1,5.8,https://sede.administracionespublicas.gob.es/icpplustiej/acCitarB,No,,347,30103670343,rodrigosalasp,https://github.com/rodrigosalasp/monitor-citas/actions/runs/30103670343
2026-07-24T16:59:36Z,2026-07-24 16:59:36,NO HAY CITAS DISPONIBLES,RESULTADO,,45.2,1,7.5,https://sede.administracionespublicas.gob.es/icpplustiej/acCitarB,No,,348,30110852395,rodrigosalasp,https://github.com/rodrigosalasp/monitor-citas/actions/runs/30110852395
2026-07-24T18:46:43Z,2026-07-24 18:46:43,NO HAY CITAS DISPONIBLES,RESULTADO,,45.2,1,8.2,https://sede.administracionespublicas.gob.es/icpplustiej/acCitarB,No,,349,30117858450,rodrigosalasp,https://github.com/rodrigosalasp/monitor-citas/actions/runs/30117858450
2026-07-24T20:07:12Z,2026-07-24 20:07:12,NO HAY CITAS DISPONIBLES,RESULTADO,,42.2,1,5.6,https://sede.administracionespublicas.gob.es/icpplustiej/acCitarB,No,,350,30122616318,rodrigosalasp,https://github.com/rodrigosalasp/monitor-citas/actions/runs/30122616318
2026-07-24T21:23:18Z,2026-07-24 21:23:18,NO HAY CITAS DISPONIBLES,RESULTADO,,42.8,1,5.1,https://sede.administracionespublicas.gob.es/icpplustiej/acCitarB,No,,351,30127226868,rodrigosalasp,https://github.com/rodrigosalasp/monitor-citas/actions/runs/30127226868
2026-07-24T22:37:52Z,2026-07-24 22:37:52,NO HAY CITAS DISPONIBLES,RESULTADO,,44.2,1,8.3,https://sede.administracionespublicas.gob.es/icpplustiej/acCitarB,No,,352,30131286142,rodrigosalasp,https://github.com/rodrigosalasp/monitor-citas/actions/runs/30131286142
2026-07-24T23:52:55Z,2026-07-24 23:52:55,NO HAY CITAS DISPONIBLES,RESULTADO,,42.2,1,5.3,https://sede.administracionespublicas.gob.es/icpplustiej/acCitarB,No,,353,30134609462,rodrigosalasp,https://github.com/rodrigosalasp/monitor-citas/actions/runs/30134609462
2026-07-25T01:22:08Z,2026-07-25 01:22:08,NO HAY CITAS DISPONIBLES,RESULTADO,,43.6,1,6.0,https://sede.administracionespublicas.gob.es/icpplustiej/acCitarB,No,,354,30138079490,rodrigosalasp,https://github.com/rodrigosalasp/monitor-citas/actions/runs/30138079490
2026-07-25T04:48:07Z,2026-07-25 04:48:07,NO HAY CITAS DISPONIBLES,RESULTADO,,44.0,1,5.5,https://sede.administracionespublicas.gob.es/icpplustiej/acCitarB,No,,355,30144397219,rodrigosalasp,https://github.com/rodrigosalasp/monitor-citas/actions/runs/30144397219
2026-07-25T07:14:07Z,2026-07-25 07:14:07,NO HAY CITAS DISPONIBLES,RESULTADO,,46.4,1,7.8,https://sede.administracionespublicas.gob.es/icpplustiej/acCitarB,No,,356,30148656161,rodrigosalasp,https://github.com/rodrigosalasp/monitor-citas/actions/runs/30148656161
2026-07-25T09:15:24Z,2026-07-25 09:15:24,NO HAY CITAS DISPONIBLES,RESULTADO,,45.3,1,6.8,https://sede.administracionespublicas.gob.es/icpplustiej/acCitarB,No,,357,30152338655,rodrigosalasp,https://github.com/rodrigosalasp/monitor-citas/actions/runs/30152338655
2026-07-25T10:56:45Z,2026-07-25 10:56:45,NO HAY CITAS DISPONIBLES,RESULTADO,,43.2,1,5.5,https://sede.administracionespublicas.gob.es/icpplustiej/acCitarB,No,,358,30155208367,rodrigosalasp,https://github.com/rodrigosalasp/monitor-citas/actions/runs/30155208367
2026-07-25T12:10:27Z,2026-07-25 12:10:27,NO HAY CITAS DISPONIBLES,RESULTADO,,45.2,1,8.2,https://sede.administracionespublicas.gob.es/icpplustiej/acCitarB,No,,359,30157423777,rodrigosalasp,https://github.com/rodrigosalasp/monitor-citas/actions/runs/30157423777
2026-07-25T14:06:51Z,2026-07-25 14:06:51,NO HAY CITAS DISPONIBLES,RESULTADO,,44.5,1,6.6,https://sede.administracionespublicas.gob.es/icpplustiej/acCitarB,No,,360,30160779601,rodrigosalasp,https://github.com/rodrigosalasp/monitor-citas/actions/runs/30160779601
2026-07-25T15:19:33Z,2026-07-25 15:19:33,NO HAY CITAS DISPONIBLES,RESULTADO,,43.4,1,5.7,https://sede.administracionespublicas.gob.es/icpplustiej/acCitarB,No,,361,30163248075,rodrigosalasp,https://github.com/rodrigosalasp/monitor-citas/actions/runs/30163248075
2026-07-25T16:30:56Z,2026-07-25 16:30:56,NO HAY CITAS DISPONIBLES,RESULTADO,,45.2,1,7.9,https://sede.administracionespublicas.gob.es/icpplustiej/acCitarB,No,,362,30165586098,rodrigosalasp,https://github.com/rodrigosalasp/monitor-citas/actions/runs/30165586098
2026-07-25T17:37:31Z,2026-07-25 17:37:31,NO HAY CITAS DISPONIBLES,RESULTADO,,42.7,1,6.4,https://sede.administracionespublicas.gob.es/icpplustiej/acCitarB,No,,363,30167785024,rodrigosalasp,https://github.com/rodrigosalasp/monitor-citas/actions/runs/30167785024
2026-07-25T18:47:27Z,2026-07-25 18:47:27,NO HAY CITAS DISPONIBLES,RESULTADO,,44.1,1,7.2,https://sede.administracionespublicas.gob.es/icpplustiej/acCitarB,No,,364,30170114925,rodrigosalasp,https://github.com/rodrigosalasp/monitor-citas/actions/runs/30170114925
2026-07-25T20:00:21Z,2026-07-25 20:00:21,NO HAY CITAS DISPONIBLES,RESULTADO,,41.2,1,5.4,https://sede.administracionespublicas.gob.es/icpplustiej/acCitarB,No,,365,30172663522,rodrigosalasp,https://github.com/rodrigosalasp/monitor-citas/actions/runs/30172663522
2026-07-25T21:12:38Z,2026-07-25 21:12:38,NO HAY CITAS DISPONIBLES,RESULTADO,,43.9,1,8.0,https://sede.administracionespublicas.gob.es/icpplustiej/acCitarB,No,,366,30174941134,rodrigosalasp,https://github.com/rodrigosalasp/monitor-citas/actions/runs/30174941134
2026-07-25T22:12:34Z,2026-07-25 22:12:34,NO HAY CITAS DISPONIBLES,RESULTADO,,42.7,1,7.0,https://sede.administracionespublicas.gob.es/icpplustiej/acCitarB,No,,367,30176963642,rodrigosalasp,https://github.com/rodrigosalasp/monitor-citas/actions/runs/30176963642
2026-07-25T23:36:58Z,2026-07-25 23:36:58,NO HAY CITAS DISPONIBLES,RESULTADO,,40.3,1,4.7,https://sede.administracionespublicas.gob.es/icpplustiej/acCitarB,No,,368,30179466006,rodrigosalasp,https://github.com/rodrigosalasp/monitor-citas/actions/runs/30179466006
2026-07-26T01:19:15Z,2026-07-26 01:19:15,NO HAY CITAS DISPONIBLES,RESULTADO,,43.0,1,7.0,https://sede.administracionespublicas.gob.es/icpplustiej/acCitarB,No,,369,30182607307,rodrigosalasp,https://github.com/rodrigosalasp/monitor-citas/actions/runs/30182607307
2026-07-26T05:03:02Z,2026-07-26 05:03:02,ERROR DE CONEXION,ABRIR_WEB,ERR_CONNECTION_RESET,210.6,3,44.6;4.7;4.7,,Si,"No fue posible cargar correctamente la sede después de 3 intentos. | Intento 1; fase=CARGAR_TRAMITE; tipo_error=TIMEOUT_SELECTOR; duracion=44.6s; TimeoutError: Page.wait_for_selector: Timeout 30000ms exceeded. | Call log: | - waiting for locator(""select[id='tramiteGrupo[2]']"") to be visible | || Intento 2; fase=ABRIR_WEB; tipo_error=ERR_CONNECTION_RESET; duracion=4.7s; Error: Page.goto: net::ERR_CONNECTION_RESET at https://sede.administracionespublicas.gob.es/icpplustiej/citar?org=JUS-RC&locale=es&appVersion=V+7.44.4 | Call log: | - navigating to ""https://sede.administracionespublicas.gob.es/icpplustiej/citar?org=JUS-RC&locale=es&appVersion=V+7.44.4"", waiting until ""domcontentloaded"" | || Intento 3; fase=ABRIR_WEB; tipo_error=ERR_CONNECTION_RESET; duracion=4.7s; Error: Page.goto: net::ERR_CONNECTION_RESET at https://sede.administracionespublicas.gob.es/icpplustiej/citar?org=JUS-RC&locale=es&appVersion=V+7.44.4 | Call log: | - navigating to ""https://sede.administracionespublicas.gob.es/icpplustiej/citar?org=JUS-RC&locale=es&appVersion=V+7.44.4"", waiting until ""domcontentloaded"" | ",370,30188501897,rodrigosalasp,https://github.com/rodrigosalasp/monitor-citas/actions/runs/30188501897
2026-07-26T07:48:18Z,2026-07-26 07:48:18,NO HAY CITAS DISPONIBLES,RESULTADO,,42.3,1,5.8,https://sede.administracionespublicas.gob.es/icpplustiej/acCitarB,No,,371,30193312855,rodrigosalasp,https://github.com/rodrigosalasp/monitor-citas/actions/runs/30193312855
2026-07-26T09:51:05Z,2026-07-26 09:51:05,NO HAY CITAS DISPONIBLES,RESULTADO,,42.7,1,6.1,https://sede.administracionespublicas.gob.es/icpplustiej/acCitarB,No,,372,30197073883,rodrigosalasp,https://github.com/rodrigosalasp/monitor-citas/actions/runs/30197073883
2026-07-26T11:15:35Z,2026-07-26 11:15:35,NO HAY CITAS DISPONIBLES,RESULTADO,,45.0,1,7.6,https://sede.administracionespublicas.gob.es/icpplustiej/acCitarB,No,,373,30199624005,rodrigosalasp,https://github.com/rodrigosalasp/monitor-citas/actions/runs/30199624005
2026-07-26T12:38:26Z,2026-07-26 12:38:26,NO HAY CITAS DISPONIBLES,RESULTADO,,43.4,1,5.9,https://sede.administracionespublicas.gob.es/icpplustiej/acCitarB,No,,374,30202393919,rodrigosalasp,https://github.com/rodrigosalasp/monitor-citas/actions/runs/30202393919
2026-07-26T14:21:28Z,2026-07-26 14:21:28,NO HAY CITAS DISPONIBLES,RESULTADO,,42.1,1,5.5,https://sede.administracionespublicas.gob.es/icpplustiej/acCitarB,No,,375,30205781226,rodrigosalasp,https://github.com/rodrigosalasp/monitor-citas/actions/runs/30205781226
2026-07-26T15:41:51Z,2026-07-26 15:41:51,NO HAY CITAS DISPONIBLES,RESULTADO,,42.9,1,5.3,https://sede.administracionespublicas.gob.es/icpplustiej/acCitarB,No,,376,30208576993,rodrigosalasp,https://github.com/rodrigosalasp/monitor-citas/actions/runs/30208576993
2026-07-26T16:42:05Z,2026-07-26 16:42:05,NO HAY CITAS DISPONIBLES,RESULTADO,,41.8,1,5.8,https://sede.administracionespublicas.gob.es/icpplustiej/acCitarB,No,,377,30210867138,rodrigosalasp,https://github.com/rodrigosalasp/monitor-citas/actions/runs/30210867138
2026-07-26T17:53:20Z,2026-07-26 17:53:20,NO HAY CITAS DISPONIBLES,RESULTADO,,44.0,1,7.8,https://sede.administracionespublicas.gob.es/icpplustiej/acCitarB,No,,378,30213265601,rodrigosalasp,https://github.com/rodrigosalasp/monitor-citas/actions/runs/30213265601
2026-07-26T18:50:00Z,2026-07-26 18:50:00,NO HAY CITAS DISPONIBLES,RESULTADO,,45.2,1,7.1,https://sede.administracionespublicas.gob.es/icpplustiej/acCitarB,No,,379,30215417124,rodrigosalasp,https://github.com/rodrigosalasp/monitor-citas/actions/runs/30215417124
2026-07-26T20:08:11Z,2026-07-26 20:08:11,ERROR DE CONEXION,ABRIR_WEB,ERR_CONNECTION_RESET,259.9,3,90.0;4.5;4.5,,Si,"No fue posible cargar correctamente la sede después de 3 intentos. | Intento 1; fase=ABRIR_WEB; tipo_error=TIMEOUT_GOTO; duracion=90.0s; TimeoutError: Page.goto: Timeout 90000ms exceeded. | Call log: | - navigating to ""https://sede.administracionespublicas.gob.es/icpplustiej/citar?org=JUS-RC&locale=es&appVersion=V+7.44.4"", waiting until ""domcontentloaded"" | || Intento 2; fase=ABRIR_WEB; tipo_error=ERR_CONNECTION_RESET; duracion=4.5s; Error: Page.goto: net::ERR_CONNECTION_RESET at https://sede.administracionespublicas.gob.es/icpplustiej/citar?org=JUS-RC&locale=es&appVersion=V+7.44.4 | Call log: | - navigating to ""https://sede.administracionespublicas.gob.es/icpplustiej/citar?org=JUS-RC&locale=es&appVersion=V+7.44.4"", waiting until ""domcontentloaded"" | || Intento 3; fase=ABRIR_WEB; tipo_error=ERR_CONNECTION_RESET; duracion=4.5s; Error: Page.goto: net::ERR_CONNECTION_RESET at https://sede.administracionespublicas.gob.es/icpplustiej/citar?org=JUS-RC&locale=es&appVersion=V+7.44.4 | Call log: | - navigating to ""https://sede.administracionespublicas.gob.es/icpplustiej/citar?org=JUS-RC&locale=es&appVersion=V+7.44.4"", waiting until ""domcontentloaded"" | ",380,30218007398,rodrigosalasp,https://github.com/rodrigosalasp/monitor-citas/actions/runs/30218007398
2026-07-26T21:20:38Z,2026-07-26 21:20:38,ERROR DE CONEXION,ABRIR_WEB,ERR_CONNECTION_RESET,264.9,3,90.0;4.5;4.5,,Si,"No fue posible cargar correctamente la sede después de 3 intentos. | Intento 1; fase=ABRIR_WEB; tipo_error=TIMEOUT_GOTO; duracion=90.0s; TimeoutError: Page.goto: Timeout 90000ms exceeded. | Call log: | - navigating to ""https://sede.administracionespublicas.gob.es/icpplustiej/citar?org=JUS-RC&locale=es&appVersion=V+7.44.4"", waiting until ""domcontentloaded"" | || Intento 2; fase=ABRIR_WEB; tipo_error=ERR_CONNECTION_RESET; duracion=4.5s; Error: Page.goto: net::ERR_CONNECTION_RESET at https://sede.administracionespublicas.gob.es/icpplustiej/citar?org=JUS-RC&locale=es&appVersion=V+7.44.4 | Call log: | - navigating to ""https://sede.administracionespublicas.gob.es/icpplustiej/citar?org=JUS-RC&locale=es&appVersion=V+7.44.4"", waiting until ""domcontentloaded"" | || Intento 3; fase=ABRIR_WEB; tipo_error=ERR_CONNECTION_RESET; duracion=4.5s; Error: Page.goto: net::ERR_CONNECTION_RESET at https://sede.administracionespublicas.gob.es/icpplustiej/citar?org=JUS-RC&locale=es&appVersion=V+7.44.4 | Call log: | - navigating to ""https://sede.administracionespublicas.gob.es/icpplustiej/citar?org=JUS-RC&locale=es&appVersion=V+7.44.4"", waiting until ""domcontentloaded"" | ",381,30220464613,rodrigosalasp,https://github.com/rodrigosalasp/monitor-citas/actions/runs/30220464613
2026-07-26T22:35:23Z,2026-07-26 22:35:23,NO HAY CITAS DISPONIBLES,RESULTADO,,42.9,1,5.9,https://sede.administracionespublicas.gob.es/icpplustiej/acCitarB,No,,382,30223179711,rodrigosalasp,https://github.com/rodrigosalasp/monitor-citas/actions/runs/30223179711
2026-07-26T23:49:53Z,2026-07-26 23:49:53,NO HAY CITAS DISPONIBLES,RESULTADO,,39.7,1,4.1,https://sede.administracionespublicas.gob.es/icpplustiej/acCitarB,No,,383,30225844143,rodrigosalasp,https://github.com/rodrigosalasp/monitor-citas/actions/runs/30225844143
2026-07-27T01:28:14Z,2026-07-27 01:28:14,NO HAY CITAS DISPONIBLES,RESULTADO,,41.1,1,4.5,https://sede.administracionespublicas.gob.es/icpplustiej/acCitarB,No,,384,30229586659,rodrigosalasp,https://github.com/rodrigosalasp/monitor-citas/actions/runs/30229586659
2026-07-27T05:08:37Z,2026-07-27 05:08:37,NO HAY CITAS DISPONIBLES,RESULTADO,,44.9,1,5.4,https://sede.administracionespublicas.gob.es/icpplustiej/acCitarB,No,,385,30238794704,rodrigosalasp,https://github.com/rodrigosalasp/monitor-citas/actions/runs/30238794704
2026-07-27T08:49:09Z,2026-07-27 08:49:09,NO HAY CITAS DISPONIBLES,RESULTADO,,42.8,1,6.2,https://sede.administracionespublicas.gob.es/icpplustiej/acCitarB,No,,386,30251089601,rodrigosalasp,https://github.com/rodrigosalasp/monitor-citas/actions/runs/30251089601
2026-07-27T12:04:35Z,2026-07-27 12:04:35,NO HAY CITAS DISPONIBLES,RESULTADO,,42.3,1,5.8,https://sede.administracionespublicas.gob.es/icpplustiej/acCitarB,No,,387,30264128552,rodrigosalasp,https://github.com/rodrigosalasp/monitor-citas/actions/runs/30264128552
2026-07-27T15:15:38Z,2026-07-27 15:15:38,NO HAY CITAS DISPONIBLES,RESULTADO,,46.8,1,8.7,https://sede.administracionespublicas.gob.es/icpplustiej/acCitarB,No,,388,30278557897,rodrigosalasp,https://github.com/rodrigosalasp/monitor-citas/actions/runs/30278557897
2026-07-27T17:22:13Z,2026-07-27 17:22:13,NO HAY CITAS DISPONIBLES,RESULTADO,,42.6,1,5.7,https://sede.administracionespublicas.gob.es/icpplustiej/acCitarB,No,,389,30288482230,rodrigosalasp,https://github.com/rodrigosalasp/monitor-citas/actions/runs/30288482230
2026-07-27T18:57:46Z,2026-07-27 18:57:46,NO HAY CITAS DISPONIBLES,RESULTADO,,45.7,1,7.7,https://sede.administracionespublicas.gob.es/icpplustiej/acCitarB,No,,390,30295866658,rodrigosalasp,https://github.com/rodrigosalasp/monitor-citas/actions/runs/30295866658
2026-07-27T21:00:50Z,2026-07-27 21:00:50,NO HAY CITAS DISPONIBLES,RESULTADO,,45.9,1,7.5,https://sede.administracionespublicas.gob.es/icpplustiej/acCitarB,No,,391,30304366210,rodrigosalasp,https://github.com/rodrigosalasp/monitor-citas/actions/runs/30304366210
2026-07-27T22:07:46Z,2026-07-27 22:07:46,NO HAY CITAS DISPONIBLES,RESULTADO,,42.6,1,6.8,https://sede.administracionespublicas.gob.es/icpplustiej/acCitarB,No,,392,30308989203,rodrigosalasp,https://github.com/rodrigosalasp/monitor-citas/actions/runs/30308989203
2026-07-27T23:06:22Z,2026-07-27 23:06:22,NO HAY CITAS DISPONIBLES,RESULTADO,,42.6,1,5.8,https://sede.administracionespublicas.gob.es/icpplustiej/acCitarB,No,,393,30312874178,rodrigosalasp,https://github.com/rodrigosalasp/monitor-citas/actions/runs/30312874178
2026-07-28T00:15:07Z,2026-07-28 00:15:07,NO HAY CITAS DISPONIBLES,RESULTADO,,42.6,1,6.5,https://sede.administracionespublicas.gob.es/icpplustiej/acCitarB,No,,394,30316598029,rodrigosalasp,https://github.com/rodrigosalasp/monitor-citas/actions/runs/30316598029
2026-07-28T03:45:04Z,2026-07-28 03:45:04,NO HAY CITAS DISPONIBLES,RESULTADO,,41.4,1,4.2,https://sede.administracionespublicas.gob.es/icpplustiej/acCitarB,No,,395,30326491819,rodrigosalasp,https://github.com/rodrigosalasp/monitor-citas/actions/runs/30326491819
2026-07-28T06:19:23Z,2026-07-28 06:19:23,NO HAY CITAS DISPONIBLES,RESULTADO,,52.2,1,15.7,https://sede.administracionespublicas.gob.es/icpplustiej/acCitarB,No,,396,30334079389,rodrigosalasp,https://github.com/rodrigosalasp/monitor-citas/actions/runs/30334079389
2026-07-28T09:08:38Z,2026-07-28 09:08:38,NO HAY CITAS DISPONIBLES,RESULTADO,,42.9,1,6.2,https://sede.administracionespublicas.gob.es/icpplustiej/acCitarB,No,,397,30345192564,rodrigosalasp,https://github.com/rodrigosalasp/monitor-citas/actions/runs/30345192564
2026-07-28T11:37:15Z,2026-07-28 11:37:15,NO HAY CITAS DISPONIBLES,RESULTADO,,45.3,1,7.8,https://sede.administracionespublicas.gob.es/icpplustiej/acCitarB,No,,398,30354938229,rodrigosalasp,https://github.com/rodrigosalasp/monitor-citas/actions/runs/30354938229
2026-07-28T13:20:29Z,2026-07-28 13:20:29,NO HAY CITAS DISPONIBLES,RESULTADO,,43.4,1,6.6,https://sede.administracionespublicas.gob.es/icpplustiej/acCitarB,No,,399,30362653410,rodrigosalasp,https://github.com/rodrigosalasp/monitor-citas/actions/runs/30362653410
2026-07-28T15:41:47Z,2026-07-28 15:41:47,NO HAY CITAS DISPONIBLES,RESULTADO,,45.1,1,8.2,https://sede.administracionespublicas.gob.es/icpplustiej/acCitarB,No,,400,30374183035,rodrigosalasp,https://github.com/rodrigosalasp/monitor-citas/actions/runs/30374183035
2026-07-28T17:11:33Z,2026-07-28 17:11:33,NO HAY CITAS DISPONIBLES,RESULTADO,,41.4,1,5.0,https://sede.administracionespublicas.gob.es/icpplustiej/acCitarB,No,,401,30381285312,rodrigosalasp,https://github.com/rodrigosalasp/monitor-citas/actions/runs/30381285312
2026-07-28T18:51:31Z,2026-07-28 18:51:31,NO HAY CITAS DISPONIBLES,RESULTADO,,43.2,1,5.1,https://sede.administracionespublicas.gob.es/icpplustiej/acCitarB,No,,402,30389058731,rodrigosalasp,https://github.com/rodrigosalasp/monitor-citas/actions/runs/30389058731
2026-07-28T20:13:11Z,2026-07-28 20:13:11,NO HAY CITAS DISPONIBLES,RESULTADO,,43.0,1,5.8,https://sede.administracionespublicas.gob.es/icpplustiej/acCitarB,No,,403,30395239891,rodrigosalasp,https://github.com/rodrigosalasp/monitor-citas/actions/runs/30395239891
2026-07-28T21:38:08Z,2026-07-28 21:38:08,NO HAY CITAS DISPONIBLES,RESULTADO,,42.6,1,6.8,https://sede.administracionespublicas.gob.es/icpplustiej/acCitarB,No,,404,30401110744,rodrigosalasp,https://github.com/rodrigosalasp/monitor-citas/actions/runs/30401110744
2026-07-28T22:46:15Z,2026-07-28 22:46:15,NO HAY CITAS DISPONIBLES,RESULTADO,,39.5,1,4.0,https://sede.administracionespublicas.gob.es/icpplustiej/acCitarB,No,,405,30405286948,rodrigosalasp,https://github.com/rodrigosalasp/monitor-citas/actions/runs/30405286948
2026-07-28T23:39:50Z,2026-07-28 23:39:50,NO HAY CITAS DISPONIBLES,RESULTADO,,41.6,1,5.7,https://sede.administracionespublicas.gob.es/icpplustiej/acCitarB,No,,406,30408522546,rodrigosalasp,https://github.com/rodrigosalasp/monitor-citas/actions/runs/30408522546
2026-07-29T01:10:30Z,2026-07-29 01:10:30,NO HAY CITAS DISPONIBLES,RESULTADO,,41.1,1,5.4,https://sede.administracionespublicas.gob.es/icpplustiej/acCitarB,No,,407,30413033228,rodrigosalasp,https://github.com/rodrigosalasp/monitor-citas/actions/runs/30413033228
2026-07-29T04:38:54Z,2026-07-29 04:38:54,NO HAY CITAS DISPONIBLES,RESULTADO,,44.2,1,6.3,https://sede.administracionespublicas.gob.es/icpplustiej/acCitarB,No,,408,30422537184,rodrigosalasp,https://github.com/rodrigosalasp/monitor-citas/actions/runs/30422537184
2026-07-29T07:26:41Z,2026-07-29 07:26:41,NO HAY CITAS DISPONIBLES,RESULTADO,,41.9,1,5.7,https://sede.administracionespublicas.gob.es/icpplustiej/acCitarB,No,,409,30431538916,rodrigosalasp,https://github.com/rodrigosalasp/monitor-citas/actions/runs/30431538916
2026-07-29T10:19:40Z,2026-07-29 10:19:40,NO HAY CITAS DISPONIBLES,RESULTADO,,44.1,1,7.2,https://sede.administracionespublicas.gob.es/icpplustiej/acCitarB,No,,410,30442947006,rodrigosalasp,https://github.com/rodrigosalasp/monitor-citas/actions/runs/30442947006
2026-07-29T12:31:53Z,2026-07-29 12:31:53,NO HAY CITAS DISPONIBLES,RESULTADO,,46.0,1,7.7,https://sede.administracionespublicas.gob.es/icpplustiej/acCitarB,No,,411,30451317582,rodrigosalasp,https://github.com/rodrigosalasp/monitor-citas/actions/runs/30451317582
2026-07-29T14:59:55Z,2026-07-29 14:59:55,ERROR GENERAL,SOLICITAR_CITA,RUNTIME_ERROR,40.0,1,6.0,https://sede.administracionespublicas.gob.es/icpplustiej/infogenerica,Si,No se encontró el botón Solicitar Cita.,412,30463340045,rodrigosalasp,https://github.com/rodrigosalasp/monitor-citas/actions/runs/30463340045
2026-07-29T16:25:52Z,2026-07-29 16:25:52,NO HAY CITAS DISPONIBLES,RESULTADO,,44.9,1,7.7,https://sede.administracionespublicas.gob.es/icpplustiej/acCitarB,No,,413,30470014949,rodrigosalasp,https://github.com/rodrigosalasp/monitor-citas/actions/runs/30470014949
2026-07-29T17:48:35Z,2026-07-29 17:48:35,NO HAY CITAS DISPONIBLES,RESULTADO,,41.7,1,5.5,https://sede.administracionespublicas.gob.es/icpplustiej/acCitarB,No,,414,30476471460,rodrigosalasp,https://github.com/rodrigosalasp/monitor-citas/actions/runs/30476471460
2026-07-29T19:07:45Z,2026-07-29 19:07:45,NO HAY CITAS DISPONIBLES,RESULTADO,,43.5,1,5.8,https://sede.administracionespublicas.gob.es/icpplustiej/acCitarB,No,,416,30482541023,rodrigosalasp,https://github.com/rodrigosalasp/monitor-citas/actions/runs/30482541023
2026-07-29T20:23:29Z,2026-07-29 20:23:29,NO HAY CITAS DISPONIBLES,RESULTADO,,44.1,1,7.2,https://sede.administracionespublicas.gob.es/icpplustiej/acCitarB,No,,417,30487929855,rodrigosalasp,https://github.com/rodrigosalasp/monitor-citas/actions/runs/30487929855
2026-07-29T21:24:18Z,2026-07-29 21:24:18,NO HAY CITAS DISPONIBLES,RESULTADO,,42.8,1,6.5,https://sede.administracionespublicas.gob.es/icpplustiej/acCitarB,No,,418,30491631324,rodrigosalasp,https://github.com/rodrigosalasp/monitor-citas/actions/runs/30491631324
2026-07-29T22:18:36Z,2026-07-29 22:18:36,NO HAY CITAS DISPONIBLES,RESULTADO,,39.8,1,4.2,https://sede.administracionespublicas.gob.es/icpplustiej/acCitarB,No,,419,30495429794,rodrigosalasp,https://github.com/rodrigosalasp/monitor-citas/actions/runs/30495429794
2026-07-29T23:19:02Z,2026-07-29 23:19:02,NO HAY CITAS DISPONIBLES,RESULTADO,,41.4,1,5.6,https://sede.administracionespublicas.gob.es/icpplustiej/acCitarB,No,,420,30498933618,rodrigosalasp,https://github.com/rodrigosalasp/monitor-citas/actions/runs/30498933618
2026-07-30T00:18:34Z,2026-07-30 00:18:34,NO HAY CITAS DISPONIBLES,RESULTADO,,39.7,1,4.1,https://sede.administracionespublicas.gob.es/icpplustiej/acCitarB,No,,421,30501986346,rodrigosalasp,https://github.com/rodrigosalasp/monitor-citas/actions/runs/30501986346
2026-07-30T03:38:11Z,2026-07-30 03:38:11,NO HAY CITAS DISPONIBLES,RESULTADO,,39.5,1,4.0,https://sede.administracionespublicas.gob.es/icpplustiej/acCitarB,No,,422,30511414404,rodrigosalasp,https://github.com/rodrigosalasp/monitor-citas/actions/runs/30511414404
2026-07-30T06:16:14Z,2026-07-30 06:16:14,NO HAY CITAS DISPONIBLES,RESULTADO,,44.7,1,7.5,https://sede.administracionespublicas.gob.es/icpplustiej/acCitarB,No,,423,30518733693,rodrigosalasp,https://github.com/rodrigosalasp/monitor-citas/actions/runs/30518733693
2026-07-30T09:08:33Z,2026-07-30 09:08:33,NO HAY CITAS DISPONIBLES,RESULTADO,,45.4,1,8.4,https://sede.administracionespublicas.gob.es/icpplustiej/acCitarB,No,,424,30529202388,rodrigosalasp,https://github.com/rodrigosalasp/monitor-citas/actions/runs/30529202388
2026-07-30T11:26:34Z,2026-07-30 11:26:34,NO HAY CITAS DISPONIBLES,RESULTADO,,42.6,1,6.0,https://sede.administracionespublicas.gob.es/icpplustiej/acCitarB,No,,425,30538234829,rodrigosalasp,https://github.com/rodrigosalasp/monitor-citas/actions/runs/30538234829
2026-07-30T13:17:52Z,2026-07-30 13:17:52,NO HAY CITAS DISPONIBLES,RESULTADO,,44.8,1,8.2,https://sede.administracionespublicas.gob.es/icpplustiej/acCitarB,No,,426,30545803213,rodrigosalasp,https://github.com/rodrigosalasp/monitor-citas/actions/runs/30545803213
2026-07-30T15:29:54Z,2026-07-30 15:29:54,NO HAY CITAS DISPONIBLES,RESULTADO,,45.0,1,7.8,https://sede.administracionespublicas.gob.es/icpplustiej/acCitarB,No,,427,30556516735,rodrigosalasp,https://github.com/rodrigosalasp/monitor-citas/actions/runs/30556516735
2026-07-30T17:15:49Z,2026-07-30 17:15:49,NO HAY CITAS DISPONIBLES,RESULTADO,,44.1,1,6.5,https://sede.administracionespublicas.gob.es/icpplustiej/acCitarB,No,,428,30564514301,rodrigosalasp,https://github.com/rodrigosalasp/monitor-citas/actions/runs/30564514301
2026-07-30T18:53:53Z,2026-07-30 18:53:53,NO HAY CITAS DISPONIBLES,RESULTADO,,45.0,1,7.2,https://sede.administracionespublicas.gob.es/icpplustiej/acCitarB,No,,429,30572029928,rodrigosalasp,https://github.com/rodrigosalasp/monitor-citas/actions/runs/30572029928
2026-07-30T20:18:29Z,2026-07-30 20:18:29,NO HAY CITAS DISPONIBLES,RESULTADO,,44.7,1,6.2,https://sede.administracionespublicas.gob.es/icpplustiej/acCitarB,No,,430,30578089098,rodrigosalasp,https://github.com/rodrigosalasp/monitor-citas/actions/runs/30578089098
2026-07-30T21:35:45Z,2026-07-30 21:35:45,NO HAY CITAS DISPONIBLES,RESULTADO,,43.2,1,5.9,https://sede.administracionespublicas.gob.es/icpplustiej/acCitarB,No,,431,30583871306,rodrigosalasp,https://github.com/rodrigosalasp/monitor-citas/actions/runs/30583871306
2026-07-30T22:43:57Z,2026-07-30 22:43:57,NO HAY CITAS DISPONIBLES,RESULTADO,,41.3,1,4.8,https://sede.administracionespublicas.gob.es/icpplustiej/acCitarB,No,,432,30588011572,rodrigosalasp,https://github.com/rodrigosalasp/monitor-citas/actions/runs/30588011572
2026-07-30T23:58:25Z,2026-07-30 23:58:25,NO HAY CITAS DISPONIBLES,RESULTADO,,39.8,1,4.2,https://sede.administracionespublicas.gob.es/icpplustiej/acCitarB,No,,433,30592023579,rodrigosalasp,https://github.com/rodrigosalasp/monitor-citas/actions/runs/30592023579
2026-07-31T02:29:42Z,2026-07-31 02:29:42,ERROR DE CONEXION,ABRIR_WEB,RUNTIME_ERROR,455.6,3,90.0;90.0;90.0,,Si,"No fue posible cargar correctamente la sede después de 3 intentos. | Intento 1; fase=ABRIR_WEB; tipo_error=TIMEOUT_GOTO; duracion=90.0s; TimeoutError: Page.goto: Timeout 90000ms exceeded. | Call log: | - navigating to ""https://sede.administracionespublicas.gob.es/icpplustiej/citar?org=JUS-RC&locale=es&appVersion=V+7.44.4"", waiting until ""domcontentloaded"" | || Intento 2; fase=ABRIR_WEB; tipo_error=TIMEOUT_GOTO; duracion=90.0s; TimeoutError: Page.goto: Timeout 90000ms exceeded. | Call log: | - navigating to ""https://sede.administracionespublicas.gob.es/icpplustiej/citar?org=JUS-RC&locale=es&appVersion=V+7.44.4"", waiting until ""domcontentloaded"" | || Intento 3; fase=ABRIR_WEB; tipo_error=TIMEOUT_GOTO; duracion=90.0s; TimeoutError: Page.goto: Timeout 90000ms exceeded. | Call log: | - navigating to ""https://sede.administracionespublicas.gob.es/icpplustiej/citar?org=JUS-RC&locale=es&appVersion=V+7.44.4"", waiting until ""domcontentloaded"" | ",434,30598737890,rodrigosalasp,https://github.com/rodrigosalasp/monitor-citas/actions/runs/30598737890
2026-07-31T05:54:29Z,2026-07-31 05:54:29,NO HAY CITAS DISPONIBLES,RESULTADO,,44.8,1,7.7,https://sede.administracionespublicas.gob.es/icpplustiej/acCitarB,No,,435,30607944793,rodrigosalasp,https://github.com/rodrigosalasp/monitor-citas/actions/runs/30607944793
2026-07-31T08:46:39Z,2026-07-31 08:46:39,NO HAY CITAS DISPONIBLES,RESULTADO,,47.2,1,8.3,https://sede.administracionespublicas.gob.es/icpplustiej/acCitarB,No,,436,30616984416,rodrigosalasp,https://github.com/rodrigosalasp/monitor-citas/actions/runs/30616984416
2026-07-31T11:21:38Z,2026-07-31 11:21:38,ERROR DE CONEXION,ABRIR_WEB,RUNTIME_ERROR,505.7,3,90.0;90.0;90.0,,Si,"No fue posible cargar correctamente la sede después de 3 intentos. | Intento 1; fase=ABRIR_WEB; tipo_error=TIMEOUT_GOTO; duracion=90.0s; TimeoutError: Page.goto: Timeout 90000ms exceeded. | Call log: | - navigating to ""https://sede.administracionespublicas.gob.es/icpplustiej/citar?org=JUS-RC&locale=es&appVersion=V+7.44.4"", waiting until ""domcontentloaded"" | || Intento 2; fase=ABRIR_WEB; tipo_error=TIMEOUT_GOTO; duracion=90.0s; TimeoutError: Page.goto: Timeout 90000ms exceeded. | Call log: | - navigating to ""https://sede.administracionespublicas.gob.es/icpplustiej/citar?org=JUS-RC&locale=es&appVersion=V+7.44.4"", waiting until ""domcontentloaded"" | || Intento 3; fase=ABRIR_WEB; tipo_error=TIMEOUT_GOTO; duracion=90.0s; TimeoutError: Page.goto: Timeout 90000ms exceeded. | Call log: | - navigating to ""https://sede.administracionespublicas.gob.es/icpplustiej/citar?org=JUS-RC&locale=es&appVersion=V+7.44.4"", waiting until ""domcontentloaded"" | ",437,30626063316,rodrigosalasp,https://github.com/rodrigosalasp/monitor-citas/actions/runs/30626063316
2026-07-31T13:13:45Z,2026-07-31 13:13:45,NO HAY CITAS DISPONIBLES,RESULTADO,,41.9,1,5.6,https://sede.administracionespublicas.gob.es/icpplustiej/acCitarB,No,,438,30633205828,rodrigosalasp,https://github.com/rodrigosalasp/monitor-citas/actions/runs/30633205828
2026-07-31T15:32:36Z,2026-07-31 15:32:36,ERROR GENERAL,ENTRAR,RUNTIME_ERROR,21.2,1,5.9,https://sede.administracionespublicas.gob.es/icpplustiej/acInfo,Si,No se encontró el botón Entrar.,439,30643147637,rodrigosalasp,https://github.com/rodrigosalasp/monitor-citas/actions/runs/30643147637
2026-07-31T17:15:55Z,2026-07-31 17:15:55,NO HAY CITAS DISPONIBLES,RESULTADO,,44.9,1,7.6,https://sede.administracionespublicas.gob.es/icpplustiej/acCitarB,No,,440,30649995619,rodrigosalasp,https://github.com/rodrigosalasp/monitor-citas/actions/runs/30649995619
2026-07-31T18:49:37Z,2026-07-31 18:49:37,NO HAY CITAS DISPONIBLES,RESULTADO,,42.0,1,5.7,https://sede.administracionespublicas.gob.es/icpplustiej/acCitarB,No,,441,30656474600,rodrigosalasp,https://github.com/rodrigosalasp/monitor-citas/actions/runs/30656474600
2026-07-31T20:21:29Z,2026-07-31 20:21:29,NO HAY CITAS DISPONIBLES,RESULTADO,,42.4,1,6.2,https://sede.administracionespublicas.gob.es/icpplustiej/acCitarB,No,,442,30662156011,rodrigosalasp,https://github.com/rodrigosalasp/monitor-citas/actions/runs/30662156011
2026-07-31T21:32:23Z,2026-07-31 21:32:23,NO HAY CITAS DISPONIBLES,RESULTADO,,43.4,1,6.3,https://sede.administracionespublicas.gob.es/icpplustiej/acCitarB,No,,443,30666758808,rodrigosalasp,https://github.com/rodrigosalasp/monitor-citas/actions/runs/30666758808
2026-07-31T22:45:14Z,2026-07-31 22:45:14,NO HAY CITAS DISPONIBLES,RESULTADO,,39.9,1,4.2,https://sede.administracionespublicas.gob.es/icpplustiej/acCitarB,No,,444,30670591187,rodrigosalasp,https://github.com/rodrigosalasp/monitor-citas/actions/runs/30670591187
2026-07-31T23:43:22Z,2026-07-31 23:43:22,NO HAY CITAS DISPONIBLES,RESULTADO,,41.8,1,5.0,https://sede.administracionespublicas.gob.es/icpplustiej/acCitarB,No,,445,30673466118,rodrigosalasp,https://github.com/rodrigosalasp/monitor-citas/actions/runs/30673466118
2026-08-01T01:14:20Z,2026-08-01 01:14:20,NO HAY CITAS DISPONIBLES,RESULTADO,,40.7,1,3.9,https://sede.administracionespublicas.gob.es/icpplustiej/acCitarB,No,,446,30677362417,rodrigosalasp,https://github.com/rodrigosalasp/monitor-citas/actions/runs/30677362417
2026-08-01T04:48:19Z,2026-08-01 04:48:19,ERROR DE CONEXION,ABRIR_WEB,ERR_CONNECTION_RESET,281.2,3,90.0;4.7;4.7,,Si,"No fue posible cargar correctamente la sede después de 3 intentos. | Intento 1; fase=ABRIR_WEB; tipo_error=TIMEOUT_GOTO; duracion=90.0s; TimeoutError: Page.goto: Timeout 90000ms exceeded. | Call log: | - navigating to ""https://sede.administracionespublicas.gob.es/icpplustiej/citar?org=JUS-RC&locale=es&appVersion=V+7.44.4"", waiting until ""domcontentloaded"" | || Intento 2; fase=ABRIR_WEB; tipo_error=ERR_CONNECTION_RESET; duracion=4.7s; Error: Page.goto: net::ERR_CONNECTION_RESET at https://sede.administracionespublicas.gob.es/icpplustiej/citar?org=JUS-RC&locale=es&appVersion=V+7.44.4 | Call log: | - navigating to ""https://sede.administracionespublicas.gob.es/icpplustiej/citar?org=JUS-RC&locale=es&appVersion=V+7.44.4"", waiting until ""domcontentloaded"" | || Intento 3; fase=ABRIR_WEB; tipo_error=ERR_CONNECTION_RESET; duracion=4.7s; Error: Page.goto: net::ERR_CONNECTION_RESET at https://sede.administracionespublicas.gob.es/icpplustiej/citar?org=JUS-RC&locale=es&appVersion=V+7.44.4 | Call log: | - navigating to ""https://sede.administracionespublicas.gob.es/icpplustiej/citar?org=JUS-RC&locale=es&appVersion=V+7.44.4"", waiting until ""domcontentloaded"" | ",447,30684284422,rodrigosalasp,https://github.com/rodrigosalasp/monitor-citas/actions/runs/30684284422
2026-08-01T07:12:38Z,2026-08-01 07:12:38,NO HAY CITAS DISPONIBLES,RESULTADO,,43.9,1,6.4,https://sede.administracionespublicas.gob.es/icpplustiej/acCitarB,No,,448,30689186130,rodrigosalasp,https://github.com/rodrigosalasp/monitor-citas/actions/runs/30689186130
2026-08-01T09:29:12Z,2026-08-01 09:29:12,NO HAY CITAS DISPONIBLES,RESULTADO,,42.3,1,6.1,https://sede.administracionespublicas.gob.es/icpplustiej/acCitarB,No,,449,30693623122,rodrigosalasp,https://github.com/rodrigosalasp/monitor-citas/actions/runs/30693623122
2026-08-01T11:07:49Z,2026-08-01 11:07:49,NO HAY CITAS DISPONIBLES,RESULTADO,,46.2,1,8.2,https://sede.administracionespublicas.gob.es/icpplustiej/acCitarB,No,,450,30696946275,rodrigosalasp,https://github.com/rodrigosalasp/monitor-citas/actions/runs/30696946275
2026-08-01T12:17:02Z,2026-08-01 12:17:02,ERROR GENERAL,IDENTIFICACION,TIMEOUT_SELECTOR,61.6,1,5.6,https://sede.administracionespublicas.gob.es/icpplustiej/acEntrada,Si,"Locator.click: Timeout 30000ms exceeded. | Call log: | - waiting for locator(""input[value='Aceptar']"").first | - locator resolved to <input type=""button"" id=""btnEnviar"" value=""Aceptar"" onclick=""envia()"" class=""mf-button primary""/> | - attempting click action | 2 × waiting for element to be visible, enabled and stable | - element is visible, enabled and stable | - scrolling into view if needed | - done scrolling | - <div class=""noprint"" id=""cookie-law-info-bar"">…</div> intercepts pointer events | - retrying click action | - waiting 20ms | - waiting for element to be visible, enabled and stable | - element is visible, enabled and stable | - scrolling into view if needed | - done scrolling | - performing click action | - click action done | - waiting for scheduled navigations to finish | ",451,30699283276,rodrigosalasp,https://github.com/rodrigosalasp/monitor-citas/actions/runs/30699283276
2026-08-01T13:58:36Z,2026-08-01 13:58:36,NO HAY CITAS DISPONIBLES,RESULTADO,,41.8,1,5.3,https://sede.administracionespublicas.gob.es/icpplustiej/acCitarB,No,,452,30702767913,rodrigosalasp,https://github.com/rodrigosalasp/monitor-citas/actions/runs/30702767913
2026-08-01T15:02:48Z,2026-08-01 15:02:48,NO HAY CITAS DISPONIBLES,RESULTADO,,50.5,1,8.0,https://sede.administracionespublicas.gob.es/icpplustiej/acCitarB,No,,453,30704916106,rodrigosalasp,https://github.com/rodrigosalasp/monitor-citas/actions/runs/30704916106
2026-08-01T16:08:21Z,2026-08-01 16:08:21,NO HAY CITAS DISPONIBLES,RESULTADO,,131.6,2,36.1;8.0,https://sede.administracionespublicas.gob.es/icpplustiej/acCitarB,No,,454,30707263237,rodrigosalasp,https://github.com/rodrigosalasp/monitor-citas/actions/runs/30707263237
2026-08-01T17:19:06Z,2026-08-01 17:19:06,NO HAY CITAS DISPONIBLES,RESULTADO,,44.4,1,8.2,https://sede.administracionespublicas.gob.es/icpplustiej/acCitarB,No,,455,30709976428,rodrigosalasp,https://github.com/rodrigosalasp/monitor-citas/actions/runs/30709976428
2026-08-01T18:22:52Z,2026-08-01 18:22:52,NO HAY CITAS DISPONIBLES,RESULTADO,,45.1,1,6.7,https://sede.administracionespublicas.gob.es/icpplustiej/acCitarB,No,,456,30712042628,rodrigosalasp,https://github.com/rodrigosalasp/monitor-citas/actions/runs/30712042628
2026-08-01T19:46:37Z,2026-08-01 19:46:37,ERROR DE CONEXION,ABRIR_WEB,ERR_CONNECTION_RESET,209.1,3,90.0;4.5;4.5,,Si,"No fue posible cargar correctamente la sede después de 3 intentos. | Intento 1; fase=ABRIR_WEB; tipo_error=TIMEOUT_GOTO; duracion=90.0s; TimeoutError: Page.goto: Timeout 90000ms exceeded. | Call log: | - navigating to ""https://sede.administracionespublicas.gob.es/icpplustiej/citar?org=JUS-RC&locale=es&appVersion=V+7.44.4"", waiting until ""domcontentloaded"" | || Intento 2; fase=ABRIR_WEB; tipo_error=ERR_CONNECTION_RESET; duracion=4.5s; Error: Page.goto: net::ERR_CONNECTION_RESET at https://sede.administracionespublicas.gob.es/icpplustiej/citar?org=JUS-RC&locale=es&appVersion=V+7.44.4 | Call log: | - navigating to ""https://sede.administracionespublicas.gob.es/icpplustiej/citar?org=JUS-RC&locale=es&appVersion=V+7.44.4"", waiting until ""domcontentloaded"" | || Intento 3; fase=ABRIR_WEB; tipo_error=ERR_CONNECTION_RESET; duracion=4.5s; Error: Page.goto: net::ERR_CONNECTION_RESET at https://sede.administracionespublicas.gob.es/icpplustiej/citar?org=JUS-RC&locale=es&appVersion=V+7.44.4 | Call log: | - navigating to ""https://sede.administracionespublicas.gob.es/icpplustiej/citar?org=JUS-RC&locale=es&appVersion=V+7.44.4"", waiting until ""domcontentloaded"" | ",457,30715108940,rodrigosalasp,https://github.com/rodrigosalasp/monitor-citas/actions/runs/30715108940
2026-08-01T20:31:59Z,2026-08-01 20:31:59,NO HAY CITAS DISPONIBLES,RESULTADO,,44.9,1,7.4,https://sede.administracionespublicas.gob.es/icpplustiej/acCitarB,No,,458,30717106163,rodrigosalasp,https://github.com/rodrigosalasp/monitor-citas/actions/runs/30717106163
2026-08-01T21:37:23Z,2026-08-01 21:37:23,NO HAY CITAS DISPONIBLES,RESULTADO,,41.2,1,4.4,https://sede.administracionespublicas.gob.es/icpplustiej/acCitarB,No,,459,30719262367,rodrigosalasp,https://github.com/rodrigosalasp/monitor-citas/actions/runs/30719262367
2026-08-01T22:45:37Z,2026-08-01 22:45:37,ERROR DE CONEXION,ABRIR_WEB,RUNTIME_ERROR,452.7,3,90.0;90.0;90.0,,Si,"No fue posible cargar correctamente la sede después de 3 intentos. | Intento 1; fase=ABRIR_WEB; tipo_error=TIMEOUT_GOTO; duracion=90.0s; TimeoutError: Page.goto: Timeout 90000ms exceeded. | Call log: | - navigating to ""https://sede.administracionespublicas.gob.es/icpplustiej/citar?org=JUS-RC&locale=es&appVersion=V+7.44.4"", waiting until ""domcontentloaded"" | || Intento 2; fase=ABRIR_WEB; tipo_error=TIMEOUT_GOTO; duracion=90.0s; TimeoutError: Page.goto: Timeout 90000ms exceeded. | Call log: | - navigating to ""https://sede.administracionespublicas.gob.es/icpplustiej/citar?org=JUS-RC&locale=es&appVersion=V+7.44.4"", waiting until ""domcontentloaded"" | || Intento 3; fase=ABRIR_WEB; tipo_error=TIMEOUT_GOTO; duracion=90.0s; TimeoutError: Page.goto: Timeout 90000ms exceeded. | Call log: | - navigating to ""https://sede.administracionespublicas.gob.es/icpplustiej/citar?org=JUS-RC&locale=es&appVersion=V+7.44.4"", waiting until ""domcontentloaded"" | ",460,30721470950,rodrigosalasp,https://github.com/rodrigosalasp/monitor-citas/actions/runs/30721470950
2026-08-01T23:38:51Z,2026-08-01 23:38:51,NO HAY CITAS DISPONIBLES,RESULTADO,,41.9,1,6.0,https://sede.administracionespublicas.gob.es/icpplustiej/acCitarB,No,,461,30723565147,rodrigosalasp,https://github.com/rodrigosalasp/monitor-citas/actions/runs/30723565147
2026-08-02T01:13:20Z,2026-08-02 01:13:20,NO HAY CITAS DISPONIBLES,RESULTADO,,40.7,1,5.0,https://sede.administracionespublicas.gob.es/icpplustiej/acCitarB,No,,462,30726568267,rodrigosalasp,https://github.com/rodrigosalasp/monitor-citas/actions/runs/30726568267
2026-08-02T04:44:42Z,2026-08-02 04:44:42,ERROR GENERAL,ENTRAR,RUNTIME_ERROR,19.4,1,5.3,https://sede.administracionespublicas.gob.es/icpplustiej/acInfo,Si,No se encontró el botón Entrar.,463,30732779942,rodrigosalasp,https://github.com/rodrigosalasp/monitor-citas/actions/runs/30732779942
2026-08-02T07:31:22Z,2026-08-02 07:31:22,NO HAY CITAS DISPONIBLES,RESULTADO,,42.6,1,5.9,https://sede.administracionespublicas.gob.es/icpplustiej/acCitarB,No,,464,30737854619,rodrigosalasp,https://github.com/rodrigosalasp/monitor-citas/actions/runs/30737854619
2026-08-02T09:37:29Z,2026-08-02 09:37:29,NO HAY CITAS DISPONIBLES,RESULTADO,,43.7,1,7.1,https://sede.administracionespublicas.gob.es/icpplustiej/acCitarB,No,,465,30742085822,rodrigosalasp,https://github.com/rodrigosalasp/monitor-citas/actions/runs/30742085822
2026-08-02T11:16:15Z,2026-08-02 11:16:15,ERROR DE CONEXION,ABRIR_WEB,RUNTIME_ERROR,442.7,3,90.0;90.0;90.0,,Si,"No fue posible cargar correctamente la sede después de 3 intentos. | Intento 1; fase=ABRIR_WEB; tipo_error=TIMEOUT_GOTO; duracion=90.0s; TimeoutError: Page.goto: Timeout 90000ms exceeded. | Call log: | - navigating to ""https://sede.administracionespublicas.gob.es/icpplustiej/citar?org=JUS-RC&locale=es&appVersion=V+7.44.4"", waiting until ""domcontentloaded"" | || Intento 2; fase=ABRIR_WEB; tipo_error=TIMEOUT_GOTO; duracion=90.0s; TimeoutError: Page.goto: Timeout 90000ms exceeded. | Call log: | - navigating to ""https://sede.administracionespublicas.gob.es/icpplustiej/citar?org=JUS-RC&locale=es&appVersion=V+7.44.4"", waiting until ""domcontentloaded"" | || Intento 3; fase=ABRIR_WEB; tipo_error=TIMEOUT_GOTO; duracion=90.0s; TimeoutError: Page.goto: Timeout 90000ms exceeded. | Call log: | - navigating to ""https://sede.administracionespublicas.gob.es/icpplustiej/citar?org=JUS-RC&locale=es&appVersion=V+7.44.4"", waiting until ""domcontentloaded"" | ",466,30744991550,rodrigosalasp,https://github.com/rodrigosalasp/monitor-citas/actions/runs/30744991550
2026-08-02T12:25:56Z,2026-08-02 12:25:56,ERROR DE CONEXION,ABRIR_WEB,ERR_CONNECTION_RESET,265.9,3,90.0;4.6;4.5,,Si,"No fue posible cargar correctamente la sede después de 3 intentos. | Intento 1; fase=ABRIR_WEB; tipo_error=TIMEOUT_GOTO; duracion=90.0s; TimeoutError: Page.goto: Timeout 90000ms exceeded. | Call log: | - navigating to ""https://sede.administracionespublicas.gob.es/icpplustiej/citar?org=JUS-RC&locale=es&appVersion=V+7.44.4"", waiting until ""domcontentloaded"" | || Intento 2; fase=ABRIR_WEB; tipo_error=ERR_CONNECTION_RESET; duracion=4.6s; Error: Page.goto: net::ERR_CONNECTION_RESET at https://sede.administracionespublicas.gob.es/icpplustiej/citar?org=JUS-RC&locale=es&appVersion=V+7.44.4 | Call log: | - navigating to ""https://sede.administracionespublicas.gob.es/icpplustiej/citar?org=JUS-RC&locale=es&appVersion=V+7.44.4"", waiting until ""domcontentloaded"" | || Intento 3; fase=ABRIR_WEB; tipo_error=ERR_CONNECTION_RESET; duracion=4.5s; Error: Page.goto: net::ERR_CONNECTION_RESET at https://sede.administracionespublicas.gob.es/icpplustiej/citar?org=JUS-RC&locale=es&appVersion=V+7.44.4 | Call log: | - navigating to ""https://sede.administracionespublicas.gob.es/icpplustiej/citar?org=JUS-RC&locale=es&appVersion=V+7.44.4"", waiting until ""domcontentloaded"" | ",467,30747483585,rodrigosalasp,https://github.com/rodrigosalasp/monitor-citas/actions/runs/30747483585
2026-08-02T14:05:01Z,2026-08-02 14:05:01,NO HAY CITAS DISPONIBLES,RESULTADO,,42.7,1,6.2,https://sede.administracionespublicas.gob.es/icpplustiej/acCitarB,No,,468,30751132891,rodrigosalasp,https://github.com/rodrigosalasp/monitor-citas/actions/runs/30751132891
2026-08-02T15:34:02Z,2026-08-02 15:34:02,NO HAY CITAS DISPONIBLES,RESULTADO,,59.5,1,5.1,https://sede.administracionespublicas.gob.es/icpplustiej/acCitarB,No,,469,30754444805,rodrigosalasp,https://github.com/rodrigosalasp/monitor-citas/actions/runs/30754444805
2026-08-02T16:38:28Z,2026-08-02 16:38:28,NO HAY CITAS DISPONIBLES,RESULTADO,,42.4,1,6.5,https://sede.administracionespublicas.gob.es/icpplustiej/acCitarB,No,,470,30756821138,rodrigosalasp,https://github.com/rodrigosalasp/monitor-citas/actions/runs/30756821138
2026-08-02T17:47:53Z,2026-08-02 17:47:53,NO HAY CITAS DISPONIBLES,RESULTADO,,44.2,1,6.8,https://sede.administracionespublicas.gob.es/icpplustiej/acCitarB,No,,471,30759340626,rodrigosalasp,https://github.com/rodrigosalasp/monitor-citas/actions/runs/30759340626
2026-08-02T18:47:03Z,2026-08-02 18:47:03,NO HAY CITAS DISPONIBLES,RESULTADO,,42.5,1,5.5,https://sede.administracionespublicas.gob.es/icpplustiej/acCitarB,No,,472,30761550693,rodrigosalasp,https://github.com/rodrigosalasp/monitor-citas/actions/runs/30761550693
2026-08-02T19:57:07Z,2026-08-02 19:57:07,NO HAY CITAS DISPONIBLES,RESULTADO,,45.1,1,7.1,https://sede.administracionespublicas.gob.es/icpplustiej/acCitarB,No,,473,30764224426,rodrigosalasp,https://github.com/rodrigosalasp/monitor-citas/actions/runs/30764224426
2026-08-02T20:46:58Z,2026-08-02 20:46:58,NO HAY CITAS DISPONIBLES,RESULTADO,,45.0,1,7.4,https://sede.administracionespublicas.gob.es/icpplustiej/acCitarB,No,,474,30766272151,rodrigosalasp,https://github.com/rodrigosalasp/monitor-citas/actions/runs/30766272151
2026-08-02T21:54:12Z,2026-08-02 21:54:12,NO HAY CITAS DISPONIBLES,RESULTADO,,41.6,1,5.9,https://sede.administracionespublicas.gob.es/icpplustiej/acCitarB,No,,475,30768648241,rodrigosalasp,https://github.com/rodrigosalasp/monitor-citas/actions/runs/30768648241
2026-08-02T22:54:43Z,2026-08-02 22:54:43,NO HAY CITAS DISPONIBLES,RESULTADO,,41.6,1,4.8,https://sede.administracionespublicas.gob.es/icpplustiej/acCitarB,No,,476,30770872676,rodrigosalasp,https://github.com/rodrigosalasp/monitor-citas/actions/runs/30770872676
2026-08-02T23:56:40Z,2026-08-02 23:56:40,NO HAY CITAS DISPONIBLES,RESULTADO,,42.6,1,6.1,https://sede.administracionespublicas.gob.es/icpplustiej/acCitarB,No,,477,30773139292,rodrigosalasp,https://github.com/rodrigosalasp/monitor-citas/actions/runs/30773139292
2026-08-03T02:04:58Z,2026-08-03 02:04:58,NO HAY CITAS DISPONIBLES,RESULTADO,,42.3,1,5.6,https://sede.administracionespublicas.gob.es/icpplustiej/acCitarB,No,,478,30778341461,rodrigosalasp,https://github.com/rodrigosalasp/monitor-citas/actions/runs/30778341461
2026-08-03T06:08:05Z,2026-08-03 06:08:05,ERROR DE CONEXION,ABRIR_WEB,RUNTIME_ERROR,434.4,3,90.0;90.0;90.0,,Si,"No fue posible cargar correctamente la sede después de 3 intentos. | Intento 1; fase=ABRIR_WEB; tipo_error=TIMEOUT_GOTO; duracion=90.0s; TimeoutError: Page.goto: Timeout 90000ms exceeded. | Call log: | - navigating to ""https://sede.administracionespublicas.gob.es/icpplustiej/citar?org=JUS-RC&locale=es&appVersion=V+7.44.4"", waiting until ""domcontentloaded"" | || Intento 2; fase=ABRIR_WEB; tipo_error=TIMEOUT_GOTO; duracion=90.0s; TimeoutError: Page.goto: Timeout 90000ms exceeded. | Call log: | - navigating to ""https://sede.administracionespublicas.gob.es/icpplustiej/citar?org=JUS-RC&locale=es&appVersion=V+7.44.4"", waiting until ""domcontentloaded"" | || Intento 3; fase=ABRIR_WEB; tipo_error=TIMEOUT_GOTO; duracion=90.0s; TimeoutError: Page.goto: Timeout 90000ms exceeded. | Call log: | - navigating to ""https://sede.administracionespublicas.gob.es/icpplustiej/citar?org=JUS-RC&locale=es&appVersion=V+7.44.4"", waiting until ""domcontentloaded"" | ",479,30788434945,rodrigosalasp,https://github.com/rodrigosalasp/monitor-citas/actions/runs/30788434945
2026-08-03T09:37:50Z,2026-08-03 09:37:50,ERROR GENERAL,IDENTIFICACION,TIMEOUT_SELECTOR,62.0,1,7.0,https://sede.administracionespublicas.gob.es/icpplustiej/infogenerica,Si,"Locator.click: Timeout 30000ms exceeded. | Call log: | - waiting for locator(""label[for='rdbTipoDocNie']"") | ",480,30801547680,rodrigosalasp,https://github.com/rodrigosalasp/monitor-citas/actions/runs/30801547680
2026-08-03T12:46:56Z,2026-08-03 12:46:56,NO HAY CITAS DISPONIBLES,RESULTADO,,41.5,1,5.0,https://sede.administracionespublicas.gob.es/icpplustiej/acCitarB,No,,481,30814767658,rodrigosalasp,https://github.com/rodrigosalasp/monitor-citas/actions/runs/30814767658
2026-08-03T15:47:02Z,2026-08-03 15:47:02,POSIBLE CITA DISPONIBLE,RESULTADO,,142.6,2,48.3;7.6,https://sede.administracionespublicas.gob.es/icpplustiej/infogenerica,Si,"Ir al contenido | | Seleccionar idioma: Bienvenido | | Ministerio de Justicia Registros Civiles | | Cita Previa en Registros Civiles y Oficina de atención al público | | INTERNET CITA PREVIA | Información | | Su sesión ha caducado por permanecer demasiado tiempo inactiva. | | Deberás iniciar de nuevo la solicitud de la cita previa. | | Cod. Oper.: 1F9A013ED89B4D378325F2447B820CC5mol1 03/08/2026 17:46:51 | | © Agencia Estatal de Administración Digital | | Utilizamos cookies propias y de terceros para mejorar nuestros servicios Si continúa navegando, consideramos que acepta su uso. Puede obtener más información, o bien conocer cómo cambiar la configuración, en nuestra política de uso de cookies.   Acepto - Política de uso de cookies",482,30828502297,rodrigosalasp,https://github.com/rodrigosalasp/monitor-citas/actions/runs/30828502297
2026-08-03T17:29:23Z,2026-08-03 17:29:23,NO HAY CITAS DISPONIBLES,RESULTADO,,43.7,1,6.9,https://sede.administracionespublicas.gob.es/icpplustiej/acCitarB,No,,483,30836844281,rodrigosalasp,https://github.com/rodrigosalasp/monitor-citas/actions/runs/30836844281
2026-08-03T19:13:30Z,2026-08-03 19:13:30,NO HAY CITAS DISPONIBLES,RESULTADO,,42.3,1,5.7,https://sede.administracionespublicas.gob.es/icpplustiej/acCitarB,No,,484,30844499093,rodrigosalasp,https://github.com/rodrigosalasp/monitor-citas/actions/runs/30844499093
2026-08-03T20:44:16Z,2026-08-03 20:44:16,NO HAY CITAS DISPONIBLES,RESULTADO,,43.1,1,5.8,https://sede.administracionespublicas.gob.es/icpplustiej/acCitarB,No,,485,30851204129,rodrigosalasp,https://github.com/rodrigosalasp/monitor-citas/actions/runs/30851204129
2026-08-03T21:50:53Z,2026-08-03 21:50:53,NO HAY CITAS DISPONIBLES,RESULTADO,,41.0,1,5.3,https://sede.administracionespublicas.gob.es/icpplustiej/acCitarB,No,,486,30856041727,rodrigosalasp,https://github.com/rodrigosalasp/monitor-citas/actions/runs/30856041727
2026-08-03T23:02:24Z,2026-08-03 23:02:24,POSIBLE CITA DISPONIBLE,RESULTADO,,51.6,1,5.4,https://sede.administracionespublicas.gob.es/icpplustiej/infogenerica,Si,"Ir al contenido | | Seleccionar idioma: Bienvenido | | Ministerio de Justicia Registros Civiles | | Cita Previa en Registros Civiles y Oficina de atención al público | | INTERNET CITA PREVIA | Información | | Su sesión ha caducado por permanecer demasiado tiempo inactiva. | | Deberás iniciar de nuevo la solicitud de la cita previa. | | Cod. Oper.: 037F5160E69A8CCA94BCF8988064669Dmol3 04/08/2026 01:02:17 | | © Agencia Estatal de Administración Digital | | Utilizamos cookies propias y de terceros para mejorar nuestros servicios Si continúa navegando, consideramos que acepta su uso. Puede obtener más información, o bien conocer cómo cambiar la configuración, en nuestra política de uso de cookies.   Acepto - Política de uso de cookies",487,30860357245,rodrigosalasp,https://github.com/rodrigosalasp/monitor-citas/actions/runs/30860357245
2026-08-04T00:04:49Z,2026-08-04 00:04:49,NO HAY CITAS DISPONIBLES,RESULTADO,,40.9,1,4.1,https://sede.administracionespublicas.gob.es/icpplustiej/acCitarB,No,,488,30864213166,rodrigosalasp,https://github.com/rodrigosalasp/monitor-citas/actions/runs/30864213166
2026-08-04T03:45:51Z,2026-08-04 03:45:51,NO HAY CITAS DISPONIBLES,RESULTADO,,41.4,1,5.5,https://sede.administracionespublicas.gob.es/icpplustiej/acCitarB,No,,489,30875397027,rodrigosalasp,https://github.com/rodrigosalasp/monitor-citas/actions/runs/30875397027
2026-08-04T06:16:35Z,2026-08-04 06:16:35,NO HAY CITAS DISPONIBLES,RESULTADO,,44.5,1,7.5,https://sede.administracionespublicas.gob.es/icpplustiej/acCitarB,No,,490,30883321332,rodrigosalasp,https://github.com/rodrigosalasp/monitor-citas/actions/runs/30883321332
2026-08-04T09:14:20Z,2026-08-04 09:14:20,NO HAY CITAS DISPONIBLES,RESULTADO,,43.0,1,5.3,https://sede.administracionespublicas.gob.es/icpplustiej/acCitarB,No,,491,30895151677,rodrigosalasp,https://github.com/rodrigosalasp/monitor-citas/actions/runs/30895151677
2026-08-04T11:38:42Z,2026-08-04 11:38:42,NO HAY CITAS DISPONIBLES,RESULTADO,,44.1,1,7.3,https://sede.administracionespublicas.gob.es/icpplustiej/acCitarB,No,,492,30905327978,rodrigosalasp,https://github.com/rodrigosalasp/monitor-citas/actions/runs/30905327978
2026-08-04T13:27:38Z,2026-08-04 13:27:38,NO HAY CITAS DISPONIBLES,RESULTADO,,44.5,1,7.2,https://sede.administracionespublicas.gob.es/icpplustiej/acCitarB,No,,493,30913219361,rodrigosalasp,https://github.com/rodrigosalasp/monitor-citas/actions/runs/30913219361
2026-08-04T15:47:01Z,2026-08-04 15:47:01,NO HAY CITAS DISPONIBLES,RESULTADO,,43.2,1,7.1,https://sede.administracionespublicas.gob.es/icpplustiej/acCitarB,No,,494,30925275004,rodrigosalasp,https://github.com/rodrigosalasp/monitor-citas/actions/runs/30925275004
2026-08-04T17:22:45Z,2026-08-04 17:22:45,ERROR DE CONEXION,ABRIR_WEB,ERR_CONNECTION_RESET,222.0,3,90.0;4.6;4.5,,Si,"No fue posible cargar correctamente la sede después de 3 intentos. | Intento 1; fase=ABRIR_WEB; tipo_error=TIMEOUT_GOTO; duracion=90.0s; TimeoutError: Page.goto: Timeout 90000ms exceeded. | Call log: | - navigating to ""https://sede.administracionespublicas.gob.es/icpplustiej/citar?org=JUS-RC&locale=es&appVersion=V+7.44.4"", waiting until ""domcontentloaded"" | || Intento 2; fase=ABRIR_WEB; tipo_error=ERR_CONNECTION_RESET; duracion=4.6s; Error: Page.goto: net::ERR_CONNECTION_RESET at https://sede.administracionespublicas.gob.es/icpplustiej/citar?org=JUS-RC&locale=es&appVersion=V+7.44.4 | Call log: | - navigating to ""https://sede.administracionespublicas.gob.es/icpplustiej/citar?org=JUS-RC&locale=es&appVersion=V+7.44.4"", waiting until ""domcontentloaded"" | || Intento 3; fase=ABRIR_WEB; tipo_error=ERR_CONNECTION_RESET; duracion=4.5s; Error: Page.goto: net::ERR_CONNECTION_RESET at https://sede.administracionespublicas.gob.es/icpplustiej/citar?org=JUS-RC&locale=es&appVersion=V+7.44.4 | Call log: | - navigating to ""https://sede.administracionespublicas.gob.es/icpplustiej/citar?org=JUS-RC&locale=es&appVersion=V+7.44.4"", waiting until ""domcontentloaded"" | ",495,30933236969,rodrigosalasp,https://github.com/rodrigosalasp/monitor-citas/actions/runs/30933236969
2026-08-04T19:05:22Z,2026-08-04 19:05:22,NO HAY CITAS DISPONIBLES,RESULTADO,,41.8,1,5.5,https://sede.administracionespublicas.gob.es/icpplustiej/acCitarB,No,,496,30941007562,rodrigosalasp,https://github.com/rodrigosalasp/monitor-citas/actions/runs/30941007562
2026-08-04T20:32:44Z,2026-08-04 20:32:44,ERROR DE CONEXION,ABRIR_WEB,ERR_CONNECTION_RESET,230.1,3,90.0;4.5;4.5,,Si,"No fue posible cargar correctamente la sede después de 3 intentos. | Intento 1; fase=ABRIR_WEB; tipo_error=TIMEOUT_GOTO; duracion=90.0s; TimeoutError: Page.goto: Timeout 90000ms exceeded. | Call log: | - navigating to ""https://sede.administracionespublicas.gob.es/icpplustiej/citar?org=JUS-RC&locale=es&appVersion=V+7.44.4"", waiting until ""domcontentloaded"" | || Intento 2; fase=ABRIR_WEB; tipo_error=ERR_CONNECTION_RESET; duracion=4.5s; Error: Page.goto: net::ERR_CONNECTION_RESET at https://sede.administracionespublicas.gob.es/icpplustiej/citar?org=JUS-RC&locale=es&appVersion=V+7.44.4 | Call log: | - navigating to ""https://sede.administracionespublicas.gob.es/icpplustiej/citar?org=JUS-RC&locale=es&appVersion=V+7.44.4"", waiting until ""domcontentloaded"" | || Intento 3; fase=ABRIR_WEB; tipo_error=ERR_CONNECTION_RESET; duracion=4.5s; Error: Page.goto: net::ERR_CONNECTION_RESET at https://sede.administracionespublicas.gob.es/icpplustiej/citar?org=JUS-RC&locale=es&appVersion=V+7.44.4 | Call log: | - navigating to ""https://sede.administracionespublicas.gob.es/icpplustiej/citar?org=JUS-RC&locale=es&appVersion=V+7.44.4"", waiting until ""domcontentloaded"" | ",497,30947547635,rodrigosalasp,https://github.com/rodrigosalasp/monitor-citas/actions/runs/30947547635
2026-08-04T21:55:01Z,2026-08-04 21:55:01,NO HAY CITAS DISPONIBLES,RESULTADO,,41.8,1,6.0,https://sede.administracionespublicas.gob.es/icpplustiej/acCitarB,No,,498,30954079930,rodrigosalasp,https://github.com/rodrigosalasp/monitor-citas/actions/runs/30954079930
2026-08-04T22:59:44Z,2026-08-04 22:59:44,NO HAY CITAS DISPONIBLES,RESULTADO,,152.2,2,35.4;5.1,https://sede.administracionespublicas.gob.es/icpplustiej/acCitarB,No,,499,30958141976,rodrigosalasp,https://github.com/rodrigosalasp/monitor-citas/actions/runs/30958141976
2026-08-04T23:59:42Z,2026-08-04 23:59:42,NO HAY CITAS DISPONIBLES,RESULTADO,,41.7,1,5.8,https://sede.administracionespublicas.gob.es/icpplustiej/acCitarB,No,,500,30961692415,rodrigosalasp,https://github.com/rodrigosalasp/monitor-citas/actions/runs/30961692415
2026-08-05T02:23:03Z,2026-08-05 02:23:03,NO HAY CITAS DISPONIBLES,RESULTADO,,39.9,1,4.2,https://sede.administracionespublicas.gob.es/icpplustiej/acCitarB,No,,501,30968929679,rodrigosalasp,https://github.com/rodrigosalasp/monitor-citas/actions/runs/30968929679
2026-08-05T05:33:11Z,2026-08-05 05:33:11,NO HAY CITAS DISPONIBLES,RESULTADO,,49.5,1,11.5,https://sede.administracionespublicas.gob.es/icpplustiej/acCitarB,No,,502,30978098839,rodrigosalasp,https://github.com/rodrigosalasp/monitor-citas/actions/runs/30978098839
2026-08-05T08:14:39Z,2026-08-05 08:14:39,NO HAY CITAS DISPONIBLES,RESULTADO,,166.0,2,47.8;5.5,https://sede.administracionespublicas.gob.es/icpplustiej/acCitarB,No,,503,30987603285,rodrigosalasp,https://github.com/rodrigosalasp/monitor-citas/actions/runs/30987603285
2026-08-05T10:54:02Z,2026-08-05 10:54:02,NO HAY CITAS DISPONIBLES,RESULTADO,,46.2,1,8.4,https://sede.administracionespublicas.gob.es/icpplustiej/acCitarB,No,,504,30998791924,rodrigosalasp,https://github.com/rodrigosalasp/monitor-citas/actions/runs/30998791924
2026-08-05T12:52:35Z,2026-08-05 12:52:35,NO HAY CITAS DISPONIBLES,RESULTADO,,45.0,1,7.7,https://sede.administracionespublicas.gob.es/icpplustiej/acCitarB,No,,505,31007268410,rodrigosalasp,https://github.com/rodrigosalasp/monitor-citas/actions/runs/31007268410
2026-08-05T15:15:08Z,2026-08-05 15:15:08,NO HAY CITAS DISPONIBLES,RESULTADO,,44.2,1,6.5,https://sede.administracionespublicas.gob.es/icpplustiej/acCitarB,No,,506,31018844088,rodrigosalasp,https://github.com/rodrigosalasp/monitor-citas/actions/runs/31018844088
2026-08-05T17:13:10Z,2026-08-05 17:13:10,NO HAY CITAS DISPONIBLES,RESULTADO,,46.8,1,8.6,https://sede.administracionespublicas.gob.es/icpplustiej/acCitarB,No,,507,31027468926,rodrigosalasp,https://github.com/rodrigosalasp/monitor-citas/actions/runs/31027468926
2026-08-05T18:24:40Z,2026-08-05 18:24:40,NO HAY CITAS DISPONIBLES,RESULTADO,,42.2,1,5.6,https://sede.administracionespublicas.gob.es/icpplustiej/acCitarB,No,,508,31033879449,rodrigosalasp,https://github.com/rodrigosalasp/monitor-citas/actions/runs/31033879449
2026-08-05T20:06:19Z,2026-08-05 20:06:19,NO HAY CITAS DISPONIBLES,RESULTADO,,43.1,1,5.9,https://sede.administracionespublicas.gob.es/icpplustiej/acCitarB,No,,509,31041792928,rodrigosalasp,https://github.com/rodrigosalasp/monitor-citas/actions/runs/31041792928
2026-08-05T21:06:51Z,2026-08-05 21:06:51,NO HAY CITAS DISPONIBLES,RESULTADO,,44.9,1,6.9,https://sede.administracionespublicas.gob.es/icpplustiej/acCitarB,No,,510,31047106010,rodrigosalasp,https://github.com/rodrigosalasp/monitor-citas/actions/runs/31047106010
2026-08-05T22:34:04Z,2026-08-05 22:34:04,NO HAY CITAS DISPONIBLES,RESULTADO,,40.6,1,5.0,https://sede.administracionespublicas.gob.es/icpplustiej/acCitarB,No,,511,31052873092,rodrigosalasp,https://github.com/rodrigosalasp/monitor-citas/actions/runs/31052873092
2026-08-05T23:36:37Z,2026-08-05 23:36:37,NO HAY CITAS DISPONIBLES,RESULTADO,,39.6,1,4.0,https://sede.administracionespublicas.gob.es/icpplustiej/acCitarB,No,,512,31056739535,rodrigosalasp,https://github.com/rodrigosalasp/monitor-citas/actions/runs/31056739535
2026-08-06T01:00:11Z,2026-08-06 01:00:11,NO HAY CITAS DISPONIBLES,RESULTADO,,43.4,1,6.6,https://sede.administracionespublicas.gob.es/icpplustiej/acCitarB,No,,513,31061374259,rodrigosalasp,https://github.com/rodrigosalasp/monitor-citas/actions/runs/31061374259
2026-08-06T04:16:03Z,2026-08-06 04:16:03,NO HAY CITAS DISPONIBLES,RESULTADO,,42.6,1,5.8,https://sede.administracionespublicas.gob.es/icpplustiej/acCitarB,No,,514,31070705035,rodrigosalasp,https://github.com/rodrigosalasp/monitor-citas/actions/runs/31070705035
2026-08-06T06:54:15Z,2026-08-06 06:54:15,ERROR DE CONEXION,ABRIR_WEB,ERR_CONNECTION_RESET,163.5,3,32.7;4.5;4.5,,Si,"No fue posible cargar correctamente la sede después de 3 intentos. | Intento 1; fase=CARGAR_TRAMITE; tipo_error=TIMEOUT_SELECTOR; duracion=32.7s; TimeoutError: Page.wait_for_selector: Timeout 30000ms exceeded. | Call log: | - waiting for locator(""select[id='tramiteGrupo[2]']"") to be visible | - waiting for navigation to finish... | - navigated to ""https://sede.administracionespublicas.gob.es/icpplustiej/selectProvincia"" | || Intento 2; fase=ABRIR_WEB; tipo_error=ERR_CONNECTION_RESET; duracion=4.5s; Error: Page.goto: net::ERR_CONNECTION_RESET at https://sede.administracionespublicas.gob.es/icpplustiej/citar?org=JUS-RC&locale=es&appVersion=V+7.44.4 | Call log: | - navigating to ""https://sede.administracionespublicas.gob.es/icpplustiej/citar?org=JUS-RC&locale=es&appVersion=V+7.44.4"", waiting until ""domcontentloaded"" | || Intento 3; fase=ABRIR_WEB; tipo_error=ERR_CONNECTION_RESET; duracion=4.5s; Error: Page.goto: net::ERR_CONNECTION_RESET at https://sede.administracionespublicas.gob.es/icpplustiej/citar?org=JUS-RC&locale=es&appVersion=V+7.44.4 | Call log: | - navigating to ""https://sede.administracionespublicas.gob.es/icpplustiej/citar?org=JUS-RC&locale=es&appVersion=V+7.44.4"", waiting until ""domcontentloaded"" | ",515,31078477267,rodrigosalasp,https://github.com/rodrigosalasp/monitor-citas/actions/runs/31078477267
2026-08-06T09:37:51Z,2026-08-06 09:37:51,ERROR GENERAL,IDENTIFICACION,TIMEOUT_SELECTOR,61.1,1,5.8,https://sede.administracionespublicas.gob.es/icpplustiej/infogenerica,Si,"Locator.click: Timeout 30000ms exceeded. | Call log: | - waiting for locator(""label[for='rdbTipoDocNie']"") | ",516,31089721658,rodrigosalasp,https://github.com/rodrigosalasp/monitor-citas/actions/runs/31089721658
2026-08-06T12:05:04Z,2026-08-06 12:05:04,ERROR DE CONEXION,ABRIR_WEB,ERR_CONNECTION_RESET,238.3,3,90.0;4.7;4.7,,Si,"No fue posible cargar correctamente la sede después de 3 intentos. | Intento 1; fase=ABRIR_WEB; tipo_error=TIMEOUT_GOTO; duracion=90.0s; TimeoutError: Page.goto: Timeout 90000ms exceeded. | Call log: | - navigating to ""https://sede.administracionespublicas.gob.es/icpplustiej/citar?org=JUS-RC&locale=es&appVersion=V+7.44.4"", waiting until ""domcontentloaded"" | || Intento 2; fase=ABRIR_WEB; tipo_error=ERR_CONNECTION_RESET; duracion=4.7s; Error: Page.goto: net::ERR_CONNECTION_RESET at https://sede.administracionespublicas.gob.es/icpplustiej/citar?org=JUS-RC&locale=es&appVersion=V+7.44.4 | Call log: | - navigating to ""https://sede.administracionespublicas.gob.es/icpplustiej/citar?org=JUS-RC&locale=es&appVersion=V+7.44.4"", waiting until ""domcontentloaded"" | || Intento 3; fase=ABRIR_WEB; tipo_error=ERR_CONNECTION_RESET; duracion=4.7s; Error: Page.goto: net::ERR_CONNECTION_RESET at https://sede.administracionespublicas.gob.es/icpplustiej/citar?org=JUS-RC&locale=es&appVersion=V+7.44.4 | Call log: | - navigating to ""https://sede.administracionespublicas.gob.es/icpplustiej/citar?org=JUS-RC&locale=es&appVersion=V+7.44.4"", waiting until ""domcontentloaded"" | ",517,31098821867,rodrigosalasp,https://github.com/rodrigosalasp/monitor-citas/actions/runs/31098821867
2026-08-06T13:47:33Z,2026-08-06 13:47:33,NO HAY CITAS DISPONIBLES,RESULTADO,,45.4,1,6.9,https://sede.administracionespublicas.gob.es/icpplustiej/acCitarB,No,,518,31107439275,rodrigosalasp,https://github.com/rodrigosalasp/monitor-citas/actions/runs/31107439275
2026-08-07T00:25:23Z,2026-08-07 00:25:23,NO HAY CITAS DISPONIBLES,RESULTADO,,42.0,1,5.3,https://sede.administracionespublicas.gob.es/icpplustiej/acCitarB,No,,521,31134074309,rodrigosalasp,https://github.com/rodrigosalasp/monitor-citas/actions/runs/31134074309
2026-08-07T03:27:30Z,2026-08-07 03:27:30,NO HAY CITAS DISPONIBLES,RESULTADO,,41.0,1,5.4,https://sede.administracionespublicas.gob.es/icpplustiej/acCitarB,No,,522,31143961161,rodrigosalasp,https://github.com/rodrigosalasp/monitor-citas/actions/runs/31143961161
2026-08-07T05:14:02Z,2026-08-07 05:14:02,NO HAY CITAS DISPONIBLES,RESULTADO,,44.2,1,6.8,https://sede.administracionespublicas.gob.es/icpplustiej/acCitarB,No,,523,31149529381,rodrigosalasp,https://github.com/rodrigosalasp/monitor-citas/actions/runs/31149529381
2026-08-07T06:42:07Z,2026-08-07 06:42:07,NO HAY CITAS DISPONIBLES,RESULTADO,,45.8,1,7.3,https://sede.administracionespublicas.gob.es/icpplustiej/acCitarB,No,,524,31154367575,rodrigosalasp,https://github.com/rodrigosalasp/monitor-citas/actions/runs/31154367575
2026-08-07T07:56:18Z,2026-08-07 07:56:18,NO HAY CITAS DISPONIBLES,RESULTADO,,44.3,1,5.8,https://sede.administracionespublicas.gob.es/icpplustiej/acCitarB,No,,525,31159472131,rodrigosalasp,https://github.com/rodrigosalasp/monitor-citas/actions/runs/31159472131
2026-08-07T08:53:00Z,2026-08-07 08:53:00,NO HAY CITAS DISPONIBLES,RESULTADO,,44.6,1,6.9,https://sede.administracionespublicas.gob.es/icpplustiej/acCitarB,No,,526,31163234207,rodrigosalasp,https://github.com/rodrigosalasp/monitor-citas/actions/runs/31163234207
2026-08-07T09:59:33Z,2026-08-07 09:59:33,NO HAY CITAS DISPONIBLES,RESULTADO,,44.0,1,7.2,https://sede.administracionespublicas.gob.es/icpplustiej/acCitarB,No,,527,31167792374,rodrigosalasp,https://github.com/rodrigosalasp/monitor-citas/actions/runs/31167792374
2026-08-07T10:50:46Z,2026-08-07 10:50:46,NO HAY CITAS DISPONIBLES,RESULTADO,,45.2,1,7.9,https://sede.administracionespublicas.gob.es/icpplustiej/acCitarB,No,,528,31171244372,rodrigosalasp,https://github.com/rodrigosalasp/monitor-citas/actions/runs/31171244372
2026-08-07T11:45:39Z,2026-08-07 11:45:39,NO HAY CITAS DISPONIBLES,RESULTADO,,43.1,1,5.7,https://sede.administracionespublicas.gob.es/icpplustiej/acCitarB,No,,529,31174960615,rodrigosalasp,https://github.com/rodrigosalasp/monitor-citas/actions/runs/31174960615
2026-08-07T12:34:02Z,2026-08-07 12:34:02,NO HAY CITAS DISPONIBLES,RESULTADO,,42.1,1,5.5,https://sede.administracionespublicas.gob.es/icpplustiej/acCitarB,No,,530,31178211973,rodrigosalasp,https://github.com/rodrigosalasp/monitor-citas/actions/runs/31178211973
2026-08-07T14:01:51Z,2026-08-07 14:01:51,NO HAY CITAS DISPONIBLES,RESULTADO,,42.8,1,5.4,https://sede.administracionespublicas.gob.es/icpplustiej/acCitarB,No,,531,31184913293,rodrigosalasp,https://github.com/rodrigosalasp/monitor-citas/actions/runs/31184913293
2026-08-07T14:51:18Z,2026-08-07 14:51:18,NO HAY CITAS DISPONIBLES,RESULTADO,,44.1,1,7.2,https://sede.administracionespublicas.gob.es/icpplustiej/acCitarB,No,,532,31189278460,rodrigosalasp,https://github.com/rodrigosalasp/monitor-citas/actions/runs/31189278460
2026-08-07T15:52:34Z,2026-08-07 15:52:34,ERROR DE CONEXION,ABRIR_WEB,ERR_CONNECTION_RESET,229.9,3,90.0;4.6;4.6,,Si,"No fue posible cargar correctamente la sede después de 3 intentos. | Intento 1; fase=ABRIR_WEB; tipo_error=TIMEOUT_GOTO; duracion=90.0s; TimeoutError: Page.goto: Timeout 90000ms exceeded. | Call log: | - navigating to ""https://sede.administracionespublicas.gob.es/icpplustiej/citar?org=JUS-RC&locale=es&appVersion=V+7.44.4"", waiting until ""domcontentloaded"" | || Intento 2; fase=ABRIR_WEB; tipo_error=ERR_CONNECTION_RESET; duracion=4.6s; Error: Page.goto: net::ERR_CONNECTION_RESET at https://sede.administracionespublicas.gob.es/icpplustiej/citar?org=JUS-RC&locale=es&appVersion=V+7.44.4 | Call log: | - navigating to ""https://sede.administracionespublicas.gob.es/icpplustiej/citar?org=JUS-RC&locale=es&appVersion=V+7.44.4"", waiting until ""domcontentloaded"" | || Intento 3; fase=ABRIR_WEB; tipo_error=ERR_CONNECTION_RESET; duracion=4.6s; Error: Page.goto: net::ERR_CONNECTION_RESET at https://sede.administracionespublicas.gob.es/icpplustiej/citar?org=JUS-RC&locale=es&appVersion=V+7.44.4 | Call log: | - navigating to ""https://sede.administracionespublicas.gob.es/icpplustiej/citar?org=JUS-RC&locale=es&appVersion=V+7.44.4"", waiting until ""domcontentloaded"" | ",533,31194308038,rodrigosalasp,https://github.com/rodrigosalasp/monitor-citas/actions/runs/31194308038
2026-08-07T16:49:31Z,2026-08-07 16:49:31,NO HAY CITAS DISPONIBLES,RESULTADO,,42.8,1,4.9,https://sede.administracionespublicas.gob.es/icpplustiej/acCitarB,No,,534,31198971100,rodrigosalasp,https://github.com/rodrigosalasp/monitor-citas/actions/runs/31198971100
2026-08-07T17:50:15Z,2026-08-07 17:50:15,NO HAY CITAS DISPONIBLES,RESULTADO,,43.8,1,7.6,https://sede.administracionespublicas.gob.es/icpplustiej/acCitarB,No,,535,31203481098,rodrigosalasp,https://github.com/rodrigosalasp/monitor-citas/actions/runs/31203481098
2026-08-07T18:48:51Z,2026-08-07 18:48:51,NO HAY CITAS DISPONIBLES,RESULTADO,,41.5,1,5.6,https://sede.administracionespublicas.gob.es/icpplustiej/acCitarB,No,,536,31208194818,rodrigosalasp,https://github.com/rodrigosalasp/monitor-citas/actions/runs/31208194818
2026-08-07T19:53:46Z,2026-08-07 19:53:46,NO HAY CITAS DISPONIBLES,RESULTADO,,42.3,1,5.7,https://sede.administracionespublicas.gob.es/icpplustiej/acCitarB,No,,537,31212881378,rodrigosalasp,https://github.com/rodrigosalasp/monitor-citas/actions/runs/31212881378
2026-08-07T20:37:52Z,2026-08-07 20:37:52,NO HAY CITAS DISPONIBLES,RESULTADO,,40.8,1,5.0,https://sede.administracionespublicas.gob.es/icpplustiej/acCitarB,No,,538,31216272468,rodrigosalasp,https://github.com/rodrigosalasp/monitor-citas/actions/runs/31216272468
2026-08-07T21:22:11Z,2026-08-07 21:22:11,NO HAY CITAS DISPONIBLES,RESULTADO,,41.1,1,5.4,https://sede.administracionespublicas.gob.es/icpplustiej/acCitarB,No,,539,31219548870,rodrigosalasp,https://github.com/rodrigosalasp/monitor-citas/actions/runs/31219548870
2026-08-07T22:04:52Z,2026-08-07 22:04:52,NO HAY CITAS DISPONIBLES,RESULTADO,,48.9,1,13.1,https://sede.administracionespublicas.gob.es/icpplustiej/acCitarB,No,,540,31222124897,rodrigosalasp,https://github.com/rodrigosalasp/monitor-citas/actions/runs/31222124897
2026-08-07T22:47:12Z,2026-08-07 22:47:12,NO HAY CITAS DISPONIBLES,RESULTADO,,41.4,1,5.4,https://sede.administracionespublicas.gob.es/icpplustiej/acCitarB,No,,541,31224506788,rodrigosalasp,https://github.com/rodrigosalasp/monitor-citas/actions/runs/31224506788
2026-08-07T23:17:22Z,2026-08-07 23:17:22,NO HAY CITAS DISPONIBLES,RESULTADO,,40.9,1,5.2,https://sede.administracionespublicas.gob.es/icpplustiej/acCitarB,No,,542,31226558934,rodrigosalasp,https://github.com/rodrigosalasp/monitor-citas/actions/runs/31226558934
2026-08-07T23:55:16Z,2026-08-07 23:55:16,NO HAY CITAS DISPONIBLES,RESULTADO,,44.4,1,7.7,https://sede.administracionespublicas.gob.es/icpplustiej/acCitarB,No,,543,31228317298,rodrigosalasp,https://github.com/rodrigosalasp/monitor-citas/actions/runs/31228317298
2026-08-08T01:07:33Z,2026-08-08 01:07:33,ERROR DE CONEXION,ABRIR_WEB,ERR_CONNECTION_RESET,173.2,3,95.3;4.5;4.5,,Si,"No fue posible cargar correctamente la sede después de 3 intentos. | Intento 1; fase=CARGAR_TRAMITE; tipo_error=TIMEOUT_SELECTOR; duracion=95.3s; TimeoutError: Page.wait_for_selector: Timeout 30000ms exceeded. | Call log: | - waiting for locator(""select[id='tramiteGrupo[2]']"") to be visible | || Intento 2; fase=ABRIR_WEB; tipo_error=ERR_CONNECTION_RESET; duracion=4.5s; Error: Page.goto: net::ERR_CONNECTION_RESET at https://sede.administracionespublicas.gob.es/icpplustiej/citar?org=JUS-RC&locale=es&appVersion=V+7.44.4 | Call log: | - navigating to ""https://sede.administracionespublicas.gob.es/icpplustiej/citar?org=JUS-RC&locale=es&appVersion=V+7.44.4"", waiting until ""domcontentloaded"" | || Intento 3; fase=ABRIR_WEB; tipo_error=ERR_CONNECTION_RESET; duracion=4.5s; Error: Page.goto: net::ERR_CONNECTION_RESET at https://sede.administracionespublicas.gob.es/icpplustiej/citar?org=JUS-RC&locale=es&appVersion=V+7.44.4 | Call log: | - navigating to ""https://sede.administracionespublicas.gob.es/icpplustiej/citar?org=JUS-RC&locale=es&appVersion=V+7.44.4"", waiting until ""domcontentloaded"" | ",544,31231649450,rodrigosalasp,https://github.com/rodrigosalasp/monitor-citas/actions/runs/31231649450
2026-08-08T03:06:20Z,2026-08-08 03:06:20,NO HAY CITAS DISPONIBLES,RESULTADO,,42.9,1,5.7,https://sede.administracionespublicas.gob.es/icpplustiej/acCitarB,No,,545,31236259220,rodrigosalasp,https://github.com/rodrigosalasp/monitor-citas/actions/runs/31236259220
2026-08-08T04:38:36Z,2026-08-08 04:38:36,NO HAY CITAS DISPONIBLES,RESULTADO,,41.0,1,4.1,https://sede.administracionespublicas.gob.es/icpplustiej/acCitarB,No,,546,31239566351,rodrigosalasp,https://github.com/rodrigosalasp/monitor-citas/actions/runs/31239566351
2026-08-08T05:27:11Z,2026-08-08 05:27:11,NO HAY CITAS DISPONIBLES,RESULTADO,,44.1,1,5.8,https://sede.administracionespublicas.gob.es/icpplustiej/acCitarB,No,,547,31241525966,rodrigosalasp,https://github.com/rodrigosalasp/monitor-citas/actions/runs/31241525966
2026-08-08T06:24:24Z,2026-08-08 06:24:24,NO HAY CITAS DISPONIBLES,RESULTADO,,45.0,1,7.4,https://sede.administracionespublicas.gob.es/icpplustiej/acCitarB,No,,548,31243780011,rodrigosalasp,https://github.com/rodrigosalasp/monitor-citas/actions/runs/31243780011
2026-08-08T07:39:44Z,2026-08-08 07:39:44,NO HAY CITAS DISPONIBLES,RESULTADO,,43.5,1,5.5,https://sede.administracionespublicas.gob.es/icpplustiej/acCitarB,No,,549,31246380097,rodrigosalasp,https://github.com/rodrigosalasp/monitor-citas/actions/runs/31246380097
2026-08-08T08:15:26Z,2026-08-08 08:15:26,NO HAY CITAS DISPONIBLES,RESULTADO,,43.3,1,6.9,https://sede.administracionespublicas.gob.es/icpplustiej/acCitarB,No,,550,31247803214,rodrigosalasp,https://github.com/rodrigosalasp/monitor-citas/actions/runs/31247803214
2026-08-08T09:07:26Z,2026-08-08 09:07:26,NO HAY CITAS DISPONIBLES,RESULTADO,,44.6,1,6.9,https://sede.administracionespublicas.gob.es/icpplustiej/acCitarB,No,,551,31249700304,rodrigosalasp,https://github.com/rodrigosalasp/monitor-citas/actions/runs/31249700304
2026-08-08T10:00:13Z,2026-08-08 10:00:13,NO HAY CITAS DISPONIBLES,RESULTADO,,43.2,1,7.3,https://sede.administracionespublicas.gob.es/icpplustiej/acCitarB,No,,552,31251653680,rodrigosalasp,https://github.com/rodrigosalasp/monitor-citas/actions/runs/31251653680
2026-08-08T10:30:19Z,2026-08-08 10:30:19,NO HAY CITAS DISPONIBLES,RESULTADO,,42.8,1,5.5,https://sede.administracionespublicas.gob.es/icpplustiej/acCitarB,No,,553,31252748558,rodrigosalasp,https://github.com/rodrigosalasp/monitor-citas/actions/runs/31252748558
2026-08-08T11:08:49Z,2026-08-08 11:08:49,NO HAY CITAS DISPONIBLES,RESULTADO,,43.5,1,6.7,https://sede.administracionespublicas.gob.es/icpplustiej/acCitarB,No,,554,31254133712,rodrigosalasp,https://github.com/rodrigosalasp/monitor-citas/actions/runs/31254133712
2026-08-08T11:52:15Z,2026-08-08 11:52:15,ERROR DE CONEXION,ABRIR_WEB,ERR_CONNECTION_RESET,407.4,3,90.0;90.0;4.7,,Si,"No fue posible cargar correctamente la sede después de 3 intentos. | Intento 1; fase=ABRIR_WEB; tipo_error=TIMEOUT_GOTO; duracion=90.0s; TimeoutError: Page.goto: Timeout 90000ms exceeded. | Call log: | - navigating to ""https://sede.administracionespublicas.gob.es/icpplustiej/citar?org=JUS-RC&locale=es&appVersion=V+7.44.4"", waiting until ""domcontentloaded"" | || Intento 2; fase=ABRIR_WEB; tipo_error=TIMEOUT_GOTO; duracion=90.0s; TimeoutError: Page.goto: Timeout 90000ms exceeded. | Call log: | - navigating to ""https://sede.administracionespublicas.gob.es/icpplustiej/citar?org=JUS-RC&locale=es&appVersion=V+7.44.4"", waiting until ""domcontentloaded"" | || Intento 3; fase=ABRIR_WEB; tipo_error=ERR_CONNECTION_RESET; duracion=4.7s; Error: Page.goto: net::ERR_CONNECTION_RESET at https://sede.administracionespublicas.gob.es/icpplustiej/citar?org=JUS-RC&locale=es&appVersion=V+7.44.4 | Call log: | - navigating to ""https://sede.administracionespublicas.gob.es/icpplustiej/citar?org=JUS-RC&locale=es&appVersion=V+7.44.4"", waiting until ""domcontentloaded"" | ",555,31255666086,rodrigosalasp,https://github.com/rodrigosalasp/monitor-citas/actions/runs/31255666086
2026-08-08T12:37:32Z,2026-08-08 12:37:32,NO HAY CITAS DISPONIBLES,RESULTADO,,42.4,1,5.8,https://sede.administracionespublicas.gob.es/icpplustiej/acCitarB,No,,556,31257421960,rodrigosalasp,https://github.com/rodrigosalasp/monitor-citas/actions/runs/31257421960
2026-08-08T13:30:27Z,2026-08-08 13:30:27,NO HAY CITAS DISPONIBLES,RESULTADO,,42.0,1,5.6,https://sede.administracionespublicas.gob.es/icpplustiej/acCitarB,No,,557,31259645382,rodrigosalasp,https://github.com/rodrigosalasp/monitor-citas/actions/runs/31259645382
2026-08-08T14:21:36Z,2026-08-08 14:21:36,ERROR DE CONEXION,ABRIR_WEB,RUNTIME_ERROR,442.8,3,90.0;90.0;90.0,,Si,"No fue posible cargar correctamente la sede después de 3 intentos. | Intento 1; fase=ABRIR_WEB; tipo_error=TIMEOUT_GOTO; duracion=90.0s; TimeoutError: Page.goto: Timeout 90000ms exceeded. | Call log: | - navigating to ""https://sede.administracionespublicas.gob.es/icpplustiej/citar?org=JUS-RC&locale=es&appVersion=V+7.44.4"", waiting until ""domcontentloaded"" | || Intento 2; fase=ABRIR_WEB; tipo_error=TIMEOUT_GOTO; duracion=90.0s; TimeoutError: Page.goto: Timeout 90000ms exceeded. | Call log: | - navigating to ""https://sede.administracionespublicas.gob.es/icpplustiej/citar?org=JUS-RC&locale=es&appVersion=V+7.44.4"", waiting until ""domcontentloaded"" | || Intento 3; fase=ABRIR_WEB; tipo_error=TIMEOUT_GOTO; duracion=90.0s; TimeoutError: Page.goto: Timeout 90000ms exceeded. | Call log: | - navigating to ""https://sede.administracionespublicas.gob.es/icpplustiej/citar?org=JUS-RC&locale=es&appVersion=V+7.44.4"", waiting until ""domcontentloaded"" | ",558,31261274398,rodrigosalasp,https://github.com/rodrigosalasp/monitor-citas/actions/runs/31261274398
2026-08-08T15:05:31Z,2026-08-08 15:05:31,ERROR DE CONEXION,ABRIR_WEB,RUNTIME_ERROR,455.2,3,90.0;90.0;90.0,,Si,"No fue posible cargar correctamente la sede después de 3 intentos. | Intento 1; fase=ABRIR_WEB; tipo_error=TIMEOUT_GOTO; duracion=90.0s; TimeoutError: Page.goto: Timeout 90000ms exceeded. | Call log: | - navigating to ""https://sede.administracionespublicas.gob.es/icpplustiej/citar?org=JUS-RC&locale=es&appVersion=V+7.44.4"", waiting until ""domcontentloaded"" | || Intento 2; fase=ABRIR_WEB; tipo_error=TIMEOUT_GOTO; duracion=90.0s; TimeoutError: Page.goto: Timeout 90000ms exceeded. | Call log: | - navigating to ""https://sede.administracionespublicas.gob.es/icpplustiej/citar?org=JUS-RC&locale=es&appVersion=V+7.44.4"", waiting until ""domcontentloaded"" | || Intento 3; fase=ABRIR_WEB; tipo_error=TIMEOUT_GOTO; duracion=90.0s; TimeoutError: Page.goto: Timeout 90000ms exceeded. | Call log: | - navigating to ""https://sede.administracionespublicas.gob.es/icpplustiej/citar?org=JUS-RC&locale=es&appVersion=V+7.44.4"", waiting until ""domcontentloaded"" | ",559,31262978830,rodrigosalasp,https://github.com/rodrigosalasp/monitor-citas/actions/runs/31262978830
2026-08-08T15:25:20Z,2026-08-08 15:25:20,NO HAY CITAS DISPONIBLES,RESULTADO,,42.1,1,5.4,https://sede.administracionespublicas.gob.es/icpplustiej/acCitarB,No,,560,31264256643,rodrigosalasp,https://github.com/rodrigosalasp/monitor-citas/actions/runs/31264256643
2026-08-08T16:01:24Z,2026-08-08 16:01:24,NO HAY CITAS DISPONIBLES,RESULTADO,,44.3,1,5.6,https://sede.administracionespublicas.gob.es/icpplustiej/acCitarB,No,,561,31265832105,rodrigosalasp,https://github.com/rodrigosalasp/monitor-citas/actions/runs/31265832105
2026-08-08T16:46:11Z,2026-08-08 16:46:11,NO HAY CITAS DISPONIBLES,RESULTADO,,44.3,1,7.2,https://sede.administracionespublicas.gob.es/icpplustiej/acCitarB,No,,562,31267418490,rodrigosalasp,https://github.com/rodrigosalasp/monitor-citas/actions/runs/31267418490
2026-08-08T17:12:23Z,2026-08-08 17:12:23,NO HAY CITAS DISPONIBLES,RESULTADO,,44.5,1,7.8,https://sede.administracionespublicas.gob.es/icpplustiej/acCitarB,No,,563,31268589287,rodrigosalasp,https://github.com/rodrigosalasp/monitor-citas/actions/runs/31268589287
2026-08-08T17:52:45Z,2026-08-08 17:52:45,NO HAY CITAS DISPONIBLES,RESULTADO,,42.4,1,5.9,https://sede.administracionespublicas.gob.es/icpplustiej/acCitarB,No,,564,31270284887,rodrigosalasp,https://github.com/rodrigosalasp/monitor-citas/actions/runs/31270284887
2026-08-08T18:30:12Z,2026-08-08 18:30:12,NO HAY CITAS DISPONIBLES,RESULTADO,,44.7,1,8.9,https://sede.administracionespublicas.gob.es/icpplustiej/acCitarB,No,,565,31271861732,rodrigosalasp,https://github.com/rodrigosalasp/monitor-citas/actions/runs/31271861732
2026-08-08T19:11:08Z,2026-08-08 19:11:08,NO HAY CITAS DISPONIBLES,RESULTADO,,42.1,1,6.1,https://sede.administracionespublicas.gob.es/icpplustiej/acCitarB,No,,566,31273728845,rodrigosalasp,https://github.com/rodrigosalasp/monitor-citas/actions/runs/31273728845
2026-08-08T19:50:13Z,2026-08-08 19:50:13,NO HAY CITAS DISPONIBLES,RESULTADO,,41.5,1,5.6,https://sede.administracionespublicas.gob.es/icpplustiej/acCitarB,No,,567,31275208346,rodrigosalasp,https://github.com/rodrigosalasp/monitor-citas/actions/runs/31275208346
2026-08-08T20:22:55Z,2026-08-08 20:22:55,NO HAY CITAS DISPONIBLES,RESULTADO,,41.7,1,5.7,https://sede.administracionespublicas.gob.es/icpplustiej/acCitarB,No,,568,31276623179,rodrigosalasp,https://github.com/rodrigosalasp/monitor-citas/actions/runs/31276623179
2026-08-08T21:05:01Z,2026-08-08 21:05:01,ERROR DE CONEXION,ABRIR_WEB,ERR_CONNECTION_RESET,254.3,3,90.0;4.7;4.7,,Si,"No fue posible cargar correctamente la sede después de 3 intentos. | Intento 1; fase=ABRIR_WEB; tipo_error=TIMEOUT_GOTO; duracion=90.0s; TimeoutError: Page.goto: Timeout 90000ms exceeded. | Call log: | - navigating to ""https://sede.administracionespublicas.gob.es/icpplustiej/citar?org=JUS-RC&locale=es&appVersion=V+7.44.4"", waiting until ""domcontentloaded"" | || Intento 2; fase=ABRIR_WEB; tipo_error=ERR_CONNECTION_RESET; duracion=4.7s; Error: Page.goto: net::ERR_CONNECTION_RESET at https://sede.administracionespublicas.gob.es/icpplustiej/citar?org=JUS-RC&locale=es&appVersion=V+7.44.4 | Call log: | - navigating to ""https://sede.administracionespublicas.gob.es/icpplustiej/citar?org=JUS-RC&locale=es&appVersion=V+7.44.4"", waiting until ""domcontentloaded"" | || Intento 3; fase=ABRIR_WEB; tipo_error=ERR_CONNECTION_RESET; duracion=4.7s; Error: Page.goto: net::ERR_CONNECTION_RESET at https://sede.administracionespublicas.gob.es/icpplustiej/citar?org=JUS-RC&locale=es&appVersion=V+7.44.4 | Call log: | - navigating to ""https://sede.administracionespublicas.gob.es/icpplustiej/citar?org=JUS-RC&locale=es&appVersion=V+7.44.4"", waiting until ""domcontentloaded"" | ",569,31277942369,rodrigosalasp,https://github.com/rodrigosalasp/monitor-citas/actions/runs/31277942369
2026-08-08T21:26:20Z,2026-08-08 21:26:20,NO HAY CITAS DISPONIBLES,RESULTADO,,41.6,1,5.7,https://sede.administracionespublicas.gob.es/icpplustiej/acCitarB,No,,570,31279138999,rodrigosalasp,https://github.com/rodrigosalasp/monitor-citas/actions/runs/31279138999
2026-08-08T22:04:27Z,2026-08-08 22:04:27,NO HAY CITAS DISPONIBLES,RESULTADO,,39.7,1,4.1,https://sede.administracionespublicas.gob.es/icpplustiej/acCitarB,No,,571,31280604078,rodrigosalasp,https://github.com/rodrigosalasp/monitor-citas/actions/runs/31280604078
2026-08-08T22:39:21Z,2026-08-08 22:39:21,NO HAY CITAS DISPONIBLES,RESULTADO,,41.9,1,6.0,https://sede.administracionespublicas.gob.es/icpplustiej/acCitarB,No,,572,31281896916,rodrigosalasp,https://github.com/rodrigosalasp/monitor-citas/actions/runs/31281896916
2026-08-08T23:05:41Z,2026-08-08 23:05:41,NO HAY CITAS DISPONIBLES,RESULTADO,,122.7,2,42.8;5.1,https://sede.administracionespublicas.gob.es/icpplustiej/acCitarB,No,,573,31283012874,rodrigosalasp,https://github.com/rodrigosalasp/monitor-citas/actions/runs/31283012874
2026-08-08T23:50:25Z,2026-08-08 23:50:25,NO HAY CITAS DISPONIBLES,RESULTADO,,39.9,1,4.2,https://sede.administracionespublicas.gob.es/icpplustiej/acCitarB,No,,574,31284717034,rodrigosalasp,https://github.com/rodrigosalasp/monitor-citas/actions/runs/31284717034
2026-08-09T01:24:01Z,2026-08-09 01:24:01,ERROR DE CONEXION,ABRIR_WEB,RUNTIME_ERROR,523.7,3,90.0;90.0;90.0,,Si,"No fue posible cargar correctamente la sede después de 3 intentos. | Intento 1; fase=ABRIR_WEB; tipo_error=TIMEOUT_GOTO; duracion=90.0s; TimeoutError: Page.goto: Timeout 90000ms exceeded. | Call log: | - navigating to ""https://sede.administracionespublicas.gob.es/icpplustiej/citar?org=JUS-RC&locale=es&appVersion=V+7.44.4"", waiting until ""domcontentloaded"" | || Intento 2; fase=ABRIR_WEB; tipo_error=TIMEOUT_GOTO; duracion=90.0s; TimeoutError: Page.goto: Timeout 90000ms exceeded. | Call log: | - navigating to ""https://sede.administracionespublicas.gob.es/icpplustiej/citar?org=JUS-RC&locale=es&appVersion=V+7.44.4"", waiting until ""domcontentloaded"" | || Intento 3; fase=ABRIR_WEB; tipo_error=TIMEOUT_GOTO; duracion=90.0s; TimeoutError: Page.goto: Timeout 90000ms exceeded. | Call log: | - navigating to ""https://sede.administracionespublicas.gob.es/icpplustiej/citar?org=JUS-RC&locale=es&appVersion=V+7.44.4"", waiting until ""domcontentloaded"" | ",575,31287563931,rodrigosalasp,https://github.com/rodrigosalasp/monitor-citas/actions/runs/31287563931
2026-08-09T03:23:06Z,2026-08-09 03:23:06,ERROR DE CONEXION,ABRIR_WEB,RUNTIME_ERROR,536.5,3,90.0;90.0;90.0,,Si,"No fue posible cargar correctamente la sede después de 3 intentos. | Intento 1; fase=ABRIR_WEB; tipo_error=TIMEOUT_GOTO; duracion=90.0s; TimeoutError: Page.goto: Timeout 90000ms exceeded. | Call log: | - navigating to ""https://sede.administracionespublicas.gob.es/icpplustiej/citar?org=JUS-RC&locale=es&appVersion=V+7.44.4"", waiting until ""domcontentloaded"" | || Intento 2; fase=ABRIR_WEB; tipo_error=TIMEOUT_GOTO; duracion=90.0s; TimeoutError: Page.goto: Timeout 90000ms exceeded. | Call log: | - navigating to ""https://sede.administracionespublicas.gob.es/icpplustiej/citar?org=JUS-RC&locale=es&appVersion=V+7.44.4"", waiting until ""domcontentloaded"" | || Intento 3; fase=ABRIR_WEB; tipo_error=TIMEOUT_GOTO; duracion=90.0s; TimeoutError: Page.goto: Timeout 90000ms exceeded. | Call log: | - navigating to ""https://sede.administracionespublicas.gob.es/icpplustiej/citar?org=JUS-RC&locale=es&appVersion=V+7.44.4"", waiting until ""domcontentloaded"" | ",576,31291821899,rodrigosalasp,https://github.com/rodrigosalasp/monitor-citas/actions/runs/31291821899
2026-08-09T04:42:40Z,2026-08-09 04:42:40,NO HAY CITAS DISPONIBLES,RESULTADO,,39.6,1,4.0,https://sede.administracionespublicas.gob.es/icpplustiej/acCitarB,No,,577,31294982842,rodrigosalasp,https://github.com/rodrigosalasp/monitor-citas/actions/runs/31294982842
2026-08-09T05:38:30Z,2026-08-09 05:38:30,NO HAY CITAS DISPONIBLES,RESULTADO,,44.5,1,7.0,https://sede.administracionespublicas.gob.es/icpplustiej/acCitarB,No,,578,31296895663,rodrigosalasp,https://github.com/rodrigosalasp/monitor-citas/actions/runs/31296895663
2026-08-09T06:32:24Z,2026-08-09 06:32:24,NO HAY CITAS DISPONIBLES,RESULTADO,,42.8,1,6.8,https://sede.administracionespublicas.gob.es/icpplustiej/acCitarB,No,,579,31298801587,rodrigosalasp,https://github.com/rodrigosalasp/monitor-citas/actions/runs/31298801587
2026-08-09T07:46:27Z,2026-08-09 07:46:27,NO HAY CITAS DISPONIBLES,RESULTADO,,45.3,1,7.7,https://sede.administracionespublicas.gob.es/icpplustiej/acCitarB,No,,580,31301587861,rodrigosalasp,https://github.com/rodrigosalasp/monitor-citas/actions/runs/31301587861
2026-08-09T08:28:58Z,2026-08-09 08:28:58,NO HAY CITAS DISPONIBLES,RESULTADO,,43.7,1,6.5,https://sede.administracionespublicas.gob.es/icpplustiej/acCitarB,No,,581,31303271028,rodrigosalasp,https://github.com/rodrigosalasp/monitor-citas/actions/runs/31303271028
2026-08-09T09:33:32Z,2026-08-09 09:33:32,ERROR DE CONEXION,ABRIR_WEB,RUNTIME_ERROR,459.0,3,90.0;90.0;90.0,,Si,"No fue posible cargar correctamente la sede después de 3 intentos. | Intento 1; fase=ABRIR_WEB; tipo_error=TIMEOUT_GOTO; duracion=90.0s; TimeoutError: Page.goto: Timeout 90000ms exceeded. | Call log: | - navigating to ""https://sede.administracionespublicas.gob.es/icpplustiej/citar?org=JUS-RC&locale=es&appVersion=V+7.44.4"", waiting until ""domcontentloaded"" | || Intento 2; fase=ABRIR_WEB; tipo_error=TIMEOUT_GOTO; duracion=90.0s; TimeoutError: Page.goto: Timeout 90000ms exceeded. | Call log: | - navigating to ""https://sede.administracionespublicas.gob.es/icpplustiej/citar?org=JUS-RC&locale=es&appVersion=V+7.44.4"", waiting until ""domcontentloaded"" | || Intento 3; fase=ABRIR_WEB; tipo_error=TIMEOUT_GOTO; duracion=90.0s; TimeoutError: Page.goto: Timeout 90000ms exceeded. | Call log: | - navigating to ""https://sede.administracionespublicas.gob.es/icpplustiej/citar?org=JUS-RC&locale=es&appVersion=V+7.44.4"", waiting until ""domcontentloaded"" | ",582,31305674527,rodrigosalasp,https://github.com/rodrigosalasp/monitor-citas/actions/runs/31305674527
2026-08-09T10:14:27Z,2026-08-09 10:14:27,NO HAY CITAS DISPONIBLES,RESULTADO,,43.8,1,6.0,https://sede.administracionespublicas.gob.es/icpplustiej/acCitarB,No,,583,31307565751,rodrigosalasp,https://github.com/rodrigosalasp/monitor-citas/actions/runs/31307565751
2026-08-09T11:01:31Z,2026-08-09 11:01:31,NO HAY CITAS DISPONIBLES,RESULTADO,,40.5,1,4.7,https://sede.administracionespublicas.gob.es/icpplustiej/acCitarB,No,,584,31309427153,rodrigosalasp,https://github.com/rodrigosalasp/monitor-citas/actions/runs/31309427153
2026-08-09T11:24:11Z,2026-08-09 11:24:11,NO HAY CITAS DISPONIBLES,RESULTADO,,42.0,1,5.8,https://sede.administracionespublicas.gob.es/icpplustiej/acCitarB,No,,585,31310601087,rodrigosalasp,https://github.com/rodrigosalasp/monitor-citas/actions/runs/31310601087
2026-08-09T12:03:03Z,2026-08-09 12:03:03,NO HAY CITAS DISPONIBLES,RESULTADO,,46.8,1,8.5,https://sede.administracionespublicas.gob.es/icpplustiej/acCitarB,No,,586,31312124321,rodrigosalasp,https://github.com/rodrigosalasp/monitor-citas/actions/runs/31312124321
2026-08-09T12:58:17Z,2026-08-09 12:58:17,NO HAY CITAS DISPONIBLES,RESULTADO,,48.1,1,6.5,https://sede.administracionespublicas.gob.es/icpplustiej/acCitarB,No,,587,31314456624,rodrigosalasp,https://github.com/rodrigosalasp/monitor-citas/actions/runs/31314456624
2026-08-09T13:49:28Z,2026-08-09 13:49:28,NO HAY CITAS DISPONIBLES,RESULTADO,,43.5,1,6.6,https://sede.administracionespublicas.gob.es/icpplustiej/acCitarB,No,,588,31316501213,rodrigosalasp,https://github.com/rodrigosalasp/monitor-citas/actions/runs/31316501213
2026-08-09T14:30:33Z,2026-08-09 14:30:33,NO HAY CITAS DISPONIBLES,RESULTADO,,42.7,1,6.1,https://sede.administracionespublicas.gob.es/icpplustiej/acCitarB,No,,589,31318447411,rodrigosalasp,https://github.com/rodrigosalasp/monitor-citas/actions/runs/31318447411
2026-08-09T15:07:55Z,2026-08-09 15:07:55,NO HAY CITAS DISPONIBLES,RESULTADO,,43.0,1,5.7,https://sede.administracionespublicas.gob.es/icpplustiej/acCitarB,No,,590,31320100269,rodrigosalasp,https://github.com/rodrigosalasp/monitor-citas/actions/runs/31320100269
2026-08-09T15:52:38Z,2026-08-09 15:52:38,NO HAY CITAS DISPONIBLES,RESULTADO,,40.4,1,4.3,https://sede.administracionespublicas.gob.es/icpplustiej/acCitarB,No,,591,31322084054,rodrigosalasp,https://github.com/rodrigosalasp/monitor-citas/actions/runs/31322084054
2026-08-09T16:33:49Z,2026-08-09 16:33:49,NO HAY CITAS DISPONIBLES,RESULTADO,,43.5,1,7.2,https://sede.administracionespublicas.gob.es/icpplustiej/acCitarB,No,,592,31323721992,rodrigosalasp,https://github.com/rodrigosalasp/monitor-citas/actions/runs/31323721992
2026-08-09T17:09:26Z,2026-08-09 17:09:26,NO HAY CITAS DISPONIBLES,RESULTADO,,41.1,1,4.9,https://sede.administracionespublicas.gob.es/icpplustiej/acCitarB,No,,593,31325554425,rodrigosalasp,https://github.com/rodrigosalasp/monitor-citas/actions/runs/31325554425
2026-08-09T17:56:45Z,2026-08-09 17:56:45,ERROR DE CONEXION,ABRIR_WEB,ERR_CONNECTION_RESET,238.3,3,90.0;4.5;4.5,,Si,"No fue posible cargar correctamente la sede después de 3 intentos. | Intento 1; fase=ABRIR_WEB; tipo_error=TIMEOUT_GOTO; duracion=90.0s; TimeoutError: Page.goto: Timeout 90000ms exceeded. | Call log: | - navigating to ""https://sede.administracionespublicas.gob.es/icpplustiej/citar?org=JUS-RC&locale=es&appVersion=V+7.44.4"", waiting until ""domcontentloaded"" | || Intento 2; fase=ABRIR_WEB; tipo_error=ERR_CONNECTION_RESET; duracion=4.5s; Error: Page.goto: net::ERR_CONNECTION_RESET at https://sede.administracionespublicas.gob.es/icpplustiej/citar?org=JUS-RC&locale=es&appVersion=V+7.44.4 | Call log: | - navigating to ""https://sede.administracionespublicas.gob.es/icpplustiej/citar?org=JUS-RC&locale=es&appVersion=V+7.44.4"", waiting until ""domcontentloaded"" | || Intento 3; fase=ABRIR_WEB; tipo_error=ERR_CONNECTION_RESET; duracion=4.5s; Error: Page.goto: net::ERR_CONNECTION_RESET at https://sede.administracionespublicas.gob.es/icpplustiej/citar?org=JUS-RC&locale=es&appVersion=V+7.44.4 | Call log: | - navigating to ""https://sede.administracionespublicas.gob.es/icpplustiej/citar?org=JUS-RC&locale=es&appVersion=V+7.44.4"", waiting until ""domcontentloaded"" | ",594,31327383628,rodrigosalasp,https://github.com/rodrigosalasp/monitor-citas/actions/runs/31327383628
2026-08-09T18:40:43Z,2026-08-09 18:40:43,ERROR DE CONEXION,ABRIR_WEB,ERR_CONNECTION_RESET,259.3,3,90.0;4.5;4.5,,Si,"No fue posible cargar correctamente la sede después de 3 intentos. | Intento 1; fase=ABRIR_WEB; tipo_error=TIMEOUT_GOTO; duracion=90.0s; TimeoutError: Page.goto: Timeout 90000ms exceeded. | Call log: | - navigating to ""https://sede.administracionespublicas.gob.es/icpplustiej/citar?org=JUS-RC&locale=es&appVersion=V+7.44.4"", waiting until ""domcontentloaded"" | || Intento 2; fase=ABRIR_WEB; tipo_error=ERR_CONNECTION_RESET; duracion=4.5s; Error: Page.goto: net::ERR_CONNECTION_RESET at https://sede.administracionespublicas.gob.es/icpplustiej/citar?org=JUS-RC&locale=es&appVersion=V+7.44.4 | Call log: | - navigating to ""https://sede.administracionespublicas.gob.es/icpplustiej/citar?org=JUS-RC&locale=es&appVersion=V+7.44.4"", waiting until ""domcontentloaded"" | || Intento 3; fase=ABRIR_WEB; tipo_error=ERR_CONNECTION_RESET; duracion=4.5s; Error: Page.goto: net::ERR_CONNECTION_RESET at https://sede.administracionespublicas.gob.es/icpplustiej/citar?org=JUS-RC&locale=es&appVersion=V+7.44.4 | Call log: | - navigating to ""https://sede.administracionespublicas.gob.es/icpplustiej/citar?org=JUS-RC&locale=es&appVersion=V+7.44.4"", waiting until ""domcontentloaded"" | ",595,31329105372,rodrigosalasp,https://github.com/rodrigosalasp/monitor-citas/actions/runs/31329105372
2026-08-09T19:21:08Z,2026-08-09 19:21:08,NO HAY CITAS DISPONIBLES,RESULTADO,,41.3,1,5.2,https://sede.administracionespublicas.gob.es/icpplustiej/acCitarB,No,,596,31331247318,rodrigosalasp,https://github.com/rodrigosalasp/monitor-citas/actions/runs/31331247318
2026-08-09T19:58:29Z,2026-08-09 19:58:29,NO HAY CITAS DISPONIBLES,RESULTADO,,125.4,2,33.6;7.7,https://sede.administracionespublicas.gob.es/icpplustiej/acCitarB,No,,597,31332711048,rodrigosalasp,https://github.com/rodrigosalasp/monitor-citas/actions/runs/31332711048
2026-08-09T20:26:25Z,2026-08-09 20:26:25,NO HAY CITAS DISPONIBLES,RESULTADO,,42.1,1,5.4,https://sede.administracionespublicas.gob.es/icpplustiej/acCitarB,No,,598,31334084211,rodrigosalasp,https://github.com/rodrigosalasp/monitor-citas/actions/runs/31334084211
2026-08-09T21:13:11Z,2026-08-09 21:13:11,ERROR DE CONEXION,ABRIR_WEB,ERR_CONNECTION_RESET,226.8,3,90.0;4.5;4.5,,Si,"No fue posible cargar correctamente la sede después de 3 intentos. | Intento 1; fase=ABRIR_WEB; tipo_error=TIMEOUT_GOTO; duracion=90.0s; TimeoutError: Page.goto: Timeout 90000ms exceeded. | Call log: | - navigating to ""https://sede.administracionespublicas.gob.es/icpplustiej/citar?org=JUS-RC&locale=es&appVersion=V+7.44.4"", waiting until ""domcontentloaded"" | || Intento 2; fase=ABRIR_WEB; tipo_error=ERR_CONNECTION_RESET; duracion=4.5s; Error: Page.goto: net::ERR_CONNECTION_RESET at https://sede.administracionespublicas.gob.es/icpplustiej/citar?org=JUS-RC&locale=es&appVersion=V+7.44.4 | Call log: | - navigating to ""https://sede.administracionespublicas.gob.es/icpplustiej/citar?org=JUS-RC&locale=es&appVersion=V+7.44.4"", waiting until ""domcontentloaded"" | || Intento 3; fase=ABRIR_WEB; tipo_error=ERR_CONNECTION_RESET; duracion=4.5s; Error: Page.goto: net::ERR_CONNECTION_RESET at https://sede.administracionespublicas.gob.es/icpplustiej/citar?org=JUS-RC&locale=es&appVersion=V+7.44.4 | Call log: | - navigating to ""https://sede.administracionespublicas.gob.es/icpplustiej/citar?org=JUS-RC&locale=es&appVersion=V+7.44.4"", waiting until ""domcontentloaded"" | ",599,31335910157,rodrigosalasp,https://github.com/rodrigosalasp/monitor-citas/actions/runs/31335910157
2026-08-09T21:51:34Z,2026-08-09 21:51:34,NO HAY CITAS DISPONIBLES,RESULTADO,,41.5,1,5.6,https://sede.administracionespublicas.gob.es/icpplustiej/acCitarB,No,,600,31337812796,rodrigosalasp,https://github.com/rodrigosalasp/monitor-citas/actions/runs/31337812796
2026-08-09T22:24:01Z,2026-08-09 22:24:01,NO HAY CITAS DISPONIBLES,RESULTADO,,43.9,1,7.1,https://sede.administracionespublicas.gob.es/icpplustiej/acCitarB,No,,601,31339179576,rodrigosalasp,https://github.com/rodrigosalasp/monitor-citas/actions/runs/31339179576
2026-08-09T23:04:10Z,2026-08-09 23:04:10,NO HAY CITAS DISPONIBLES,RESULTADO,,41.4,1,5.6,https://sede.administracionespublicas.gob.es/icpplustiej/acCitarB,No,,602,31340903371,rodrigosalasp,https://github.com/rodrigosalasp/monitor-citas/actions/runs/31340903371
2026-08-09T23:56:31Z,2026-08-09 23:56:31,ERROR GENERAL,ENTRAR,RUNTIME_ERROR,29.1,1,5.3,https://sede.administracionespublicas.gob.es/icpplustiej/acInfo,Si,No se encontró el botón Entrar.,603,31342801333,rodrigosalasp,https://github.com/rodrigosalasp/monitor-citas/actions/runs/31342801333
2026-08-10T01:11:14Z,2026-08-10 01:11:14,NO HAY CITAS DISPONIBLES,RESULTADO,,39.7,1,4.0,https://sede.administracionespublicas.gob.es/icpplustiej/acCitarB,No,,604,31346244923,rodrigosalasp,https://github.com/rodrigosalasp/monitor-citas/actions/runs/31346244923
2026-08-10T03:26:54Z,2026-08-10 03:26:54,NO HAY CITAS DISPONIBLES,RESULTADO,,39.9,1,4.2,https://sede.administracionespublicas.gob.es/icpplustiej/acCitarB,No,,605,31352258930,rodrigosalasp,https://github.com/rodrigosalasp/monitor-citas/actions/runs/31352258930
2026-08-10T05:05:31Z,2026-08-10 05:05:31,NO HAY CITAS DISPONIBLES,RESULTADO,,44.5,1,7.8,https://sede.administracionespublicas.gob.es/icpplustiej/acCitarB,No,,606,31357143364,rodrigosalasp,https://github.com/rodrigosalasp/monitor-citas/actions/runs/31357143364
2026-08-10T06:19:13Z,2026-08-10 06:19:13,NO HAY CITAS DISPONIBLES,RESULTADO,,42.5,1,5.8,https://sede.administracionespublicas.gob.es/icpplustiej/acCitarB,No,,607,31360994177,rodrigosalasp,https://github.com/rodrigosalasp/monitor-citas/actions/runs/31360994177
2026-08-10T08:18:31Z,2026-08-10 08:18:31,ERROR DE CONEXION,ABRIR_WEB,ERR_CONNECTION_RESET,267.5,3,90.0;4.5;4.5,,Si,"No fue posible cargar correctamente la sede después de 3 intentos. | Intento 1; fase=ABRIR_WEB; tipo_error=TIMEOUT_GOTO; duracion=90.0s; TimeoutError: Page.goto: Timeout 90000ms exceeded. | Call log: | - navigating to ""https://sede.administracionespublicas.gob.es/icpplustiej/citar?org=JUS-RC&locale=es&appVersion=V+7.44.4"", waiting until ""domcontentloaded"" | || Intento 2; fase=ABRIR_WEB; tipo_error=ERR_CONNECTION_RESET; duracion=4.5s; Error: Page.goto: net::ERR_CONNECTION_RESET at https://sede.administracionespublicas.gob.es/icpplustiej/citar?org=JUS-RC&locale=es&appVersion=V+7.44.4 | Call log: | - navigating to ""https://sede.administracionespublicas.gob.es/icpplustiej/citar?org=JUS-RC&locale=es&appVersion=V+7.44.4"", waiting until ""domcontentloaded"" | || Intento 3; fase=ABRIR_WEB; tipo_error=ERR_CONNECTION_RESET; duracion=4.5s; Error: Page.goto: net::ERR_CONNECTION_RESET at https://sede.administracionespublicas.gob.es/icpplustiej/citar?org=JUS-RC&locale=es&appVersion=V+7.44.4 | Call log: | - navigating to ""https://sede.administracionespublicas.gob.es/icpplustiej/citar?org=JUS-RC&locale=es&appVersion=V+7.44.4"", waiting until ""domcontentloaded"" | ",608,31368547524,rodrigosalasp,https://github.com/rodrigosalasp/monitor-citas/actions/runs/31368547524
2026-08-10T09:54:21Z,2026-08-10 09:54:21,NO HAY CITAS DISPONIBLES,RESULTADO,,48.4,1,7.8,https://sede.administracionespublicas.gob.es/icpplustiej/acCitarB,No,,609,31376379849,rodrigosalasp,https://github.com/rodrigosalasp/monitor-citas/actions/runs/31376379849
2026-08-10T11:09:09Z,2026-08-10 11:09:09,NO HAY CITAS DISPONIBLES,RESULTADO,,44.9,1,8.1,https://sede.administracionespublicas.gob.es/icpplustiej/acCitarB,No,,610,31381596321,rodrigosalasp,https://github.com/rodrigosalasp/monitor-citas/actions/runs/31381596321
2026-08-10T12:06:55Z,2026-08-10 12:06:55,NO HAY CITAS DISPONIBLES,RESULTADO,,144.9,2,41.9;8.1,https://sede.administracionespublicas.gob.es/icpplustiej/acCitarB,No,,611,31386014520,rodrigosalasp,https://github.com/rodrigosalasp/monitor-citas/actions/runs/31386014520
2026-08-10T13:52:19Z,2026-08-10 13:52:19,NO HAY CITAS DISPONIBLES,RESULTADO,,43.9,1,7.7,https://sede.administracionespublicas.gob.es/icpplustiej/acCitarB,No,,612,31394599570,rodrigosalasp,https://github.com/rodrigosalasp/monitor-citas/actions/runs/31394599570
2026-08-10T14:54:33Z,2026-08-10 14:54:33,NO HAY CITAS DISPONIBLES,RESULTADO,,42.6,1,6.7,https://sede.administracionespublicas.gob.es/icpplustiej/acCitarB,No,,613,31400420939,rodrigosalasp,https://github.com/rodrigosalasp/monitor-citas/actions/runs/31400420939
2026-08-10T15:59:44Z,2026-08-10 15:59:44,NO HAY CITAS DISPONIBLES,RESULTADO,,42.6,1,5.4,https://sede.administracionespublicas.gob.es/icpplustiej/acCitarB,No,,614,31405942093,rodrigosalasp,https://github.com/rodrigosalasp/monitor-citas/actions/runs/31405942093
2026-08-10T16:52:03Z,2026-08-10 16:52:03,NO HAY CITAS DISPONIBLES,RESULTADO,,43.6,1,7.1,https://sede.administracionespublicas.gob.es/icpplustiej/acCitarB,No,,615,31410504355,rodrigosalasp,https://github.com/rodrigosalasp/monitor-citas/actions/runs/31410504355
2026-08-10T17:51:18Z,2026-08-10 17:51:18,NO HAY CITAS DISPONIBLES,RESULTADO,,41.1,1,5.0,https://sede.administracionespublicas.gob.es/icpplustiej/acCitarB,No,,616,31415524578,rodrigosalasp,https://github.com/rodrigosalasp/monitor-citas/actions/runs/31415524578
2026-08-10T18:50:44Z,2026-08-10 18:50:44,NO HAY CITAS DISPONIBLES,RESULTADO,,43.9,1,7.9,https://sede.administracionespublicas.gob.es/icpplustiej/acCitarB,No,,617,31420611912,rodrigosalasp,https://github.com/rodrigosalasp/monitor-citas/actions/runs/31420611912
2026-08-10T19:58:36Z,2026-08-10 19:58:36,NO HAY CITAS DISPONIBLES,RESULTADO,,43.0,1,6.9,https://sede.administracionespublicas.gob.es/icpplustiej/acCitarB,No,,618,31425972531,rodrigosalasp,https://github.com/rodrigosalasp/monitor-citas/actions/runs/31425972531
2026-08-10T20:38:02Z,2026-08-10 20:38:02,NO HAY CITAS DISPONIBLES,RESULTADO,,43.3,1,7.5,https://sede.administracionespublicas.gob.es/icpplustiej/acCitarB,No,,619,31429564095,rodrigosalasp,https://github.com/rodrigosalasp/monitor-citas/actions/runs/31429564095
2026-08-10T21:30:46Z,2026-08-10 21:30:46,ERROR DE CONEXION,ABRIR_WEB,ERR_CONNECTION_RESET,247.9,3,90.0;4.5;4.5,,Si,"No fue posible cargar correctamente la sede después de 3 intentos. | Intento 1; fase=ABRIR_WEB; tipo_error=TIMEOUT_GOTO; duracion=90.0s; TimeoutError: Page.goto: Timeout 90000ms exceeded. | Call log: | - navigating to ""https://sede.administracionespublicas.gob.es/icpplustiej/citar?org=JUS-RC&locale=es&appVersion=V+7.44.4"", waiting until ""domcontentloaded"" | || Intento 2; fase=ABRIR_WEB; tipo_error=ERR_CONNECTION_RESET; duracion=4.5s; Error: Page.goto: net::ERR_CONNECTION_RESET at https://sede.administracionespublicas.gob.es/icpplustiej/citar?org=JUS-RC&locale=es&appVersion=V+7.44.4 | Call log: | - navigating to ""https://sede.administracionespublicas.gob.es/icpplustiej/citar?org=JUS-RC&locale=es&appVersion=V+7.44.4"", waiting until ""domcontentloaded"" | || Intento 3; fase=ABRIR_WEB; tipo_error=ERR_CONNECTION_RESET; duracion=4.5s; Error: Page.goto: net::ERR_CONNECTION_RESET at https://sede.administracionespublicas.gob.es/icpplustiej/citar?org=JUS-RC&locale=es&appVersion=V+7.44.4 | Call log: | - navigating to ""https://sede.administracionespublicas.gob.es/icpplustiej/citar?org=JUS-RC&locale=es&appVersion=V+7.44.4"", waiting until ""domcontentloaded"" | ",620,31433564040,rodrigosalasp,https://github.com/rodrigosalasp/monitor-citas/actions/runs/31433564040
2026-08-10T22:19:34Z,2026-08-10 22:19:34,NO HAY CITAS DISPONIBLES,RESULTADO,,39.8,1,4.1,https://sede.administracionespublicas.gob.es/icpplustiej/acCitarB,No,,621,31437616375,rodrigosalasp,https://github.com/rodrigosalasp/monitor-citas/actions/runs/31437616375
2026-08-10T23:00:01Z,2026-08-10 23:00:01,NO HAY CITAS DISPONIBLES,RESULTADO,,42.9,1,5.8,https://sede.administracionespublicas.gob.es/icpplustiej/acCitarB,No,,622,31440503514,rodrigosalasp,https://github.com/rodrigosalasp/monitor-citas/actions/runs/31440503514
2026-08-10T23:44:32Z,2026-08-10 23:44:32,ERROR DE CONEXION,ABRIR_WEB,ERR_CONNECTION_RESET,228.1,3,90.0;4.6;4.6,,Si,"No fue posible cargar correctamente la sede después de 3 intentos. | Intento 1; fase=ABRIR_WEB; tipo_error=TIMEOUT_GOTO; duracion=90.0s; TimeoutError: Page.goto: Timeout 90000ms exceeded. | Call log: | - navigating to ""https://sede.administracionespublicas.gob.es/icpplustiej/citar?org=JUS-RC&locale=es&appVersion=V+7.44.4"", waiting until ""domcontentloaded"" | || Intento 2; fase=ABRIR_WEB; tipo_error=ERR_CONNECTION_RESET; duracion=4.6s; Error: Page.goto: net::ERR_CONNECTION_RESET at https://sede.administracionespublicas.gob.es/icpplustiej/citar?org=JUS-RC&locale=es&appVersion=V+7.44.4 | Call log: | - navigating to ""https://sede.administracionespublicas.gob.es/icpplustiej/citar?org=JUS-RC&locale=es&appVersion=V+7.44.4"", waiting until ""domcontentloaded"" | || Intento 3; fase=ABRIR_WEB; tipo_error=ERR_CONNECTION_RESET; duracion=4.6s; Error: Page.goto: net::ERR_CONNECTION_RESET at https://sede.administracionespublicas.gob.es/icpplustiej/citar?org=JUS-RC&locale=es&appVersion=V+7.44.4 | Call log: | - navigating to ""https://sede.administracionespublicas.gob.es/icpplustiej/citar?org=JUS-RC&locale=es&appVersion=V+7.44.4"", waiting until ""domcontentloaded"" | ",623,31443001027,rodrigosalasp,https://github.com/rodrigosalasp/monitor-citas/actions/runs/31443001027
2026-08-11T00:20:53Z,2026-08-11 00:20:53,ERROR DE CONEXION,ABRIR_WEB,RUNTIME_ERROR,513.7,3,90.0;90.0;90.0,,Si,"No fue posible cargar correctamente la sede después de 3 intentos. | Intento 1; fase=ABRIR_WEB; tipo_error=TIMEOUT_GOTO; duracion=90.0s; TimeoutError: Page.goto: Timeout 90000ms exceeded. | Call log: | - navigating to ""https://sede.administracionespublicas.gob.es/icpplustiej/citar?org=JUS-RC&locale=es&appVersion=V+7.44.4"", waiting until ""domcontentloaded"" | || Intento 2; fase=ABRIR_WEB; tipo_error=TIMEOUT_GOTO; duracion=90.0s; TimeoutError: Page.goto: Timeout 90000ms exceeded. | Call log: | - navigating to ""https://sede.administracionespublicas.gob.es/icpplustiej/citar?org=JUS-RC&locale=es&appVersion=V+7.44.4"", waiting until ""domcontentloaded"" | || Intento 3; fase=ABRIR_WEB; tipo_error=TIMEOUT_GOTO; duracion=90.0s; TimeoutError: Page.goto: Timeout 90000ms exceeded. | Call log: | - navigating to ""https://sede.administracionespublicas.gob.es/icpplustiej/citar?org=JUS-RC&locale=es&appVersion=V+7.44.4"", waiting until ""domcontentloaded"" | ",624,31444733702,rodrigosalasp,https://github.com/rodrigosalasp/monitor-citas/actions/runs/31444733702
2026-08-11T02:35:06Z,2026-08-11 02:35:06,NO HAY CITAS DISPONIBLES,RESULTADO,,40.0,1,4.3,https://sede.administracionespublicas.gob.es/icpplustiej/acCitarB,No,,625,31452515337,rodrigosalasp,https://github.com/rodrigosalasp/monitor-citas/actions/runs/31452515337
2026-08-11T04:10:55Z,2026-08-11 04:10:55,NO HAY CITAS DISPONIBLES,RESULTADO,,40.5,1,4.8,https://sede.administracionespublicas.gob.es/icpplustiej/acCitarB,No,,626,31457301338,rodrigosalasp,https://github.com/rodrigosalasp/monitor-citas/actions/runs/31457301338
2026-08-11T05:33:18Z,2026-08-11 05:33:18,NO HAY CITAS DISPONIBLES,RESULTADO,,41.9,1,5.6,https://sede.administracionespublicas.gob.es/icpplustiej/acCitarB,No,,627,31461814450,rodrigosalasp,https://github.com/rodrigosalasp/monitor-citas/actions/runs/31461814450
2026-08-11T06:41:13Z,2026-08-11 06:41:13,ERROR DE CONEXION,ABRIR_WEB,RUNTIME_ERROR,459.2,3,90.0;90.0;90.0,,Si,"No fue posible cargar correctamente la sede después de 3 intentos. | Intento 1; fase=ABRIR_WEB; tipo_error=TIMEOUT_GOTO; duracion=90.0s; TimeoutError: Page.goto: Timeout 90000ms exceeded. | Call log: | - navigating to ""https://sede.administracionespublicas.gob.es/icpplustiej/citar?org=JUS-RC&locale=es&appVersion=V+7.44.4"", waiting until ""domcontentloaded"" | || Intento 2; fase=ABRIR_WEB; tipo_error=TIMEOUT_GOTO; duracion=90.0s; TimeoutError: Page.goto: Timeout 90000ms exceeded. | Call log: | - navigating to ""https://sede.administracionespublicas.gob.es/icpplustiej/citar?org=JUS-RC&locale=es&appVersion=V+7.44.4"", waiting until ""domcontentloaded"" | || Intento 3; fase=ABRIR_WEB; tipo_error=TIMEOUT_GOTO; duracion=90.0s; TimeoutError: Page.goto: Timeout 90000ms exceeded. | Call log: | - navigating to ""https://sede.administracionespublicas.gob.es/icpplustiej/citar?org=JUS-RC&locale=es&appVersion=V+7.44.4"", waiting until ""domcontentloaded"" | ",628,31465356776,rodrigosalasp,https://github.com/rodrigosalasp/monitor-citas/actions/runs/31465356776
2026-08-11T07:52:04Z,2026-08-11 07:52:04,ERROR GENERAL,SOLICITAR_CITA,RUNTIME_ERROR,44.5,1,8.8,https://sede.administracionespublicas.gob.es/icpplustiej/infogenerica,Si,No se encontró el botón Solicitar Cita.,629,31470567606,rodrigosalasp,https://github.com/rodrigosalasp/monitor-citas/actions/runs/31470567606
2026-08-11T08:50:59Z,2026-08-11 08:50:59,NO HAY CITAS DISPONIBLES,RESULTADO,,43.8,1,5.7,https://sede.administracionespublicas.gob.es/icpplustiej/acCitarB,No,,630,31474592333,rodrigosalasp,https://github.com/rodrigosalasp/monitor-citas/actions/runs/31474592333
2026-08-11T10:00:28Z,2026-08-11 10:00:28,NO HAY CITAS DISPONIBLES,RESULTADO,,43.6,1,7.2,https://sede.administracionespublicas.gob.es/icpplustiej/acCitarB,No,,631,31479690598,rodrigosalasp,https://github.com/rodrigosalasp/monitor-citas/actions/runs/31479690598
2026-08-11T10:51:39Z,2026-08-11 10:51:39,NO HAY CITAS DISPONIBLES,RESULTADO,,42.1,1,6.6,https://sede.administracionespublicas.gob.es/icpplustiej/acCitarB,No,,632,31483443837,rodrigosalasp,https://github.com/rodrigosalasp/monitor-citas/actions/runs/31483443837
2026-08-11T11:40:30Z,2026-08-11 11:40:30,NO HAY CITAS DISPONIBLES,RESULTADO,,42.4,1,6.3,https://sede.administracionespublicas.gob.es/icpplustiej/acCitarB,No,,633,31487519769,rodrigosalasp,https://github.com/rodrigosalasp/monitor-citas/actions/runs/31487519769
2026-08-11T12:34:51Z,2026-08-11 12:34:51,ERROR DE CONEXION,ABRIR_WEB,ERR_CONNECTION_RESET,213.8,3,90.0;4.5;4.5,,Si,"No fue posible cargar correctamente la sede después de 3 intentos. | Intento 1; fase=ABRIR_WEB; tipo_error=TIMEOUT_GOTO; duracion=90.0s; TimeoutError: Page.goto: Timeout 90000ms exceeded. | Call log: | - navigating to ""https://sede.administracionespublicas.gob.es/icpplustiej/citar?org=JUS-RC&locale=es&appVersion=V+7.44.4"", waiting until ""domcontentloaded"" | || Intento 2; fase=ABRIR_WEB; tipo_error=ERR_CONNECTION_RESET; duracion=4.5s; Error: Page.goto: net::ERR_CONNECTION_RESET at https://sede.administracionespublicas.gob.es/icpplustiej/citar?org=JUS-RC&locale=es&appVersion=V+7.44.4 | Call log: | - navigating to ""https://sede.administracionespublicas.gob.es/icpplustiej/citar?org=JUS-RC&locale=es&appVersion=V+7.44.4"", waiting until ""domcontentloaded"" | || Intento 3; fase=ABRIR_WEB; tipo_error=ERR_CONNECTION_RESET; duracion=4.5s; Error: Page.goto: net::ERR_CONNECTION_RESET at https://sede.administracionespublicas.gob.es/icpplustiej/citar?org=JUS-RC&locale=es&appVersion=V+7.44.4 | Call log: | - navigating to ""https://sede.administracionespublicas.gob.es/icpplustiej/citar?org=JUS-RC&locale=es&appVersion=V+7.44.4"", waiting until ""domcontentloaded"" | ",634,31491283393,rodrigosalasp,https://github.com/rodrigosalasp/monitor-citas/actions/runs/31491283393
2026-08-11T14:08:20Z,2026-08-11 14:08:20,NO HAY CITAS DISPONIBLES,RESULTADO,,45.0,1,7.6,https://sede.administracionespublicas.gob.es/icpplustiej/acCitarB,No,,635,31499355332,rodrigosalasp,https://github.com/rodrigosalasp/monitor-citas/actions/runs/31499355332
2026-08-11T15:18:20Z,2026-08-11 15:18:20,NO HAY CITAS DISPONIBLES,RESULTADO,,41.1,1,5.6,https://sede.administracionespublicas.gob.es/icpplustiej/acCitarB,No,,636,31506158593,rodrigosalasp,https://github.com/rodrigosalasp/monitor-citas/actions/runs/31506158593
2026-08-11T16:18:12Z,2026-08-11 16:18:12,NO HAY CITAS DISPONIBLES,RESULTADO,,41.5,1,5.7,https://sede.administracionespublicas.gob.es/icpplustiej/acCitarB,No,,637,31511144094,rodrigosalasp,https://github.com/rodrigosalasp/monitor-citas/actions/runs/31511144094
2026-08-11T17:19:56Z,2026-08-11 17:19:56,NO HAY CITAS DISPONIBLES,RESULTADO,,43.8,1,6.7,https://sede.administracionespublicas.gob.es/icpplustiej/acCitarB,No,,638,31516506004,rodrigosalasp,https://github.com/rodrigosalasp/monitor-citas/actions/runs/31516506004
2026-08-11T18:14:57Z,2026-08-11 18:14:57,NO HAY CITAS DISPONIBLES,RESULTADO,,42.3,1,6.1,https://sede.administracionespublicas.gob.es/icpplustiej/acCitarB,No,,639,31521131606,rodrigosalasp,https://github.com/rodrigosalasp/monitor-citas/actions/runs/31521131606
2026-08-11T19:39:30Z,2026-08-11 19:39:30,ERROR DE CONEXION,ABRIR_WEB,ERR_CONNECTION_RESET,240.1,3,90.0;4.6;4.6,,Si,"No fue posible cargar correctamente la sede después de 3 intentos. | Intento 1; fase=ABRIR_WEB; tipo_error=TIMEOUT_GOTO; duracion=90.0s; TimeoutError: Page.goto: Timeout 90000ms exceeded. | Call log: | - navigating to ""https://sede.administracionespublicas.gob.es/icpplustiej/citar?org=JUS-RC&locale=es&appVersion=V+7.44.4"", waiting until ""domcontentloaded"" | || Intento 2; fase=ABRIR_WEB; tipo_error=ERR_CONNECTION_RESET; duracion=4.6s; Error: Page.goto: net::ERR_CONNECTION_RESET at https://sede.administracionespublicas.gob.es/icpplustiej/citar?org=JUS-RC&locale=es&appVersion=V+7.44.4 | Call log: | - navigating to ""https://sede.administracionespublicas.gob.es/icpplustiej/citar?org=JUS-RC&locale=es&appVersion=V+7.44.4"", waiting until ""domcontentloaded"" | || Intento 3; fase=ABRIR_WEB; tipo_error=ERR_CONNECTION_RESET; duracion=4.6s; Error: Page.goto: net::ERR_CONNECTION_RESET at https://sede.administracionespublicas.gob.es/icpplustiej/citar?org=JUS-RC&locale=es&appVersion=V+7.44.4 | Call log: | - navigating to ""https://sede.administracionespublicas.gob.es/icpplustiej/citar?org=JUS-RC&locale=es&appVersion=V+7.44.4"", waiting until ""domcontentloaded"" | ",640,31527905180,rodrigosalasp,https://github.com/rodrigosalasp/monitor-citas/actions/runs/31527905180
2026-08-11T20:23:48Z,2026-08-11 20:23:48,NO HAY CITAS DISPONIBLES,RESULTADO,,40.8,1,5.3,https://sede.administracionespublicas.gob.es/icpplustiej/acCitarB,No,,641,31532384867,rodrigosalasp,https://github.com/rodrigosalasp/monitor-citas/actions/runs/31532384867
2026-08-11T21:33:11Z,2026-08-11 21:33:11,ERROR DE CONEXION,ABRIR_WEB,ERR_CONNECTION_RESET,248.8,3,90.0;4.5;4.5,,Si,"No fue posible cargar correctamente la sede después de 3 intentos. | Intento 1; fase=ABRIR_WEB; tipo_error=TIMEOUT_GOTO; duracion=90.0s; TimeoutError: Page.goto: Timeout 90000ms exceeded. | Call log: | - navigating to ""https://sede.administracionespublicas.gob.es/icpplustiej/citar?org=JUS-RC&locale=es&appVersion=V+7.44.4"", waiting until ""domcontentloaded"" | || Intento 2; fase=ABRIR_WEB; tipo_error=ERR_CONNECTION_RESET; duracion=4.5s; Error: Page.goto: net::ERR_CONNECTION_RESET at https://sede.administracionespublicas.gob.es/icpplustiej/citar?org=JUS-RC&locale=es&appVersion=V+7.44.4 | Call log: | - navigating to ""https://sede.administracionespublicas.gob.es/icpplustiej/citar?org=JUS-RC&locale=es&appVersion=V+7.44.4"", waiting until ""domcontentloaded"" | || Intento 3; fase=ABRIR_WEB; tipo_error=ERR_CONNECTION_RESET; duracion=4.5s; Error: Page.goto: net::ERR_CONNECTION_RESET at https://sede.administracionespublicas.gob.es/icpplustiej/citar?org=JUS-RC&locale=es&appVersion=V+7.44.4 | Call log: | - navigating to ""https://sede.administracionespublicas.gob.es/icpplustiej/citar?org=JUS-RC&locale=es&appVersion=V+7.44.4"", waiting until ""domcontentloaded"" | ",642,31537859201,rodrigosalasp,https://github.com/rodrigosalasp/monitor-citas/actions/runs/31537859201
2026-08-11T22:26:36Z,2026-08-11 22:26:36,NO HAY CITAS DISPONIBLES,RESULTADO,,41.0,1,5.3,https://sede.administracionespublicas.gob.es/icpplustiej/acCitarB,No,,643,31542071616,rodrigosalasp,https://github.com/rodrigosalasp/monitor-citas/actions/runs/31542071616
2026-08-11T23:22:57Z,2026-08-11 23:22:57,NO HAY CITAS DISPONIBLES,RESULTADO,,41.3,1,5.6,https://sede.administracionespublicas.gob.es/icpplustiej/acCitarB,No,,644,31546101158,rodrigosalasp,https://github.com/rodrigosalasp/monitor-citas/actions/runs/31546101158
2026-08-12T00:12:07Z,2026-08-12 00:12:07,ERROR GENERAL,IDENTIFICACION,TIMEOUT_SELECTOR,61.9,1,5.1,https://sede.administracionespublicas.gob.es/icpplustiej/acEntrada,Si,Timeout 30000ms exceeded. | =========================== logs =========================== | waiting for navigation until 'domcontentloaded' | ============================================================,645,31549195567,rodrigosalasp,https://github.com/rodrigosalasp/monitor-citas/actions/runs/31549195567
2026-08-12T02:52:38Z,2026-08-12 02:52:38,NO HAY CITAS DISPONIBLES,RESULTADO,,40.5,1,5.0,https://sede.administracionespublicas.gob.es/icpplustiej/acCitarB,No,,646,31557930271,rodrigosalasp,https://github.com/rodrigosalasp/monitor-citas/actions/runs/31557930271
2026-08-12T04:45:12Z,2026-08-12 04:45:12,NO HAY CITAS DISPONIBLES,RESULTADO,,41.8,1,6.0,https://sede.administracionespublicas.gob.es/icpplustiej/acCitarB,No,,647,31564126645,rodrigosalasp,https://github.com/rodrigosalasp/monitor-citas/actions/runs/31564126645
2026-08-12T06:15:09Z,2026-08-12 06:15:09,NO HAY CITAS DISPONIBLES,RESULTADO,,45.0,1,7.7,https://sede.administracionespublicas.gob.es/icpplustiej/acCitarB,No,,648,31568893749,rodrigosalasp,https://github.com/rodrigosalasp/monitor-citas/actions/runs/31568893749
2026-08-12T08:00:39Z,2026-08-12 08:00:39,ERROR DE CONEXION,ABRIR_WEB,ERR_CONNECTION_RESET,236.8,3,90.0;4.5;4.5,,Si,"No fue posible cargar correctamente la sede después de 3 intentos. | Intento 1; fase=ABRIR_WEB; tipo_error=TIMEOUT_GOTO; duracion=90.0s; TimeoutError: Page.goto: Timeout 90000ms exceeded. | Call log: | - navigating to ""https://sede.administracionespublicas.gob.es/icpplustiej/citar?org=JUS-RC&locale=es&appVersion=V+7.44.4"", waiting until ""domcontentloaded"" | || Intento 2; fase=ABRIR_WEB; tipo_error=ERR_CONNECTION_RESET; duracion=4.5s; Error: Page.goto: net::ERR_CONNECTION_RESET at https://sede.administracionespublicas.gob.es/icpplustiej/citar?org=JUS-RC&locale=es&appVersion=V+7.44.4 | Call log: | - navigating to ""https://sede.administracionespublicas.gob.es/icpplustiej/citar?org=JUS-RC&locale=es&appVersion=V+7.44.4"", waiting until ""domcontentloaded"" | || Intento 3; fase=ABRIR_WEB; tipo_error=ERR_CONNECTION_RESET; duracion=4.5s; Error: Page.goto: net::ERR_CONNECTION_RESET at https://sede.administracionespublicas.gob.es/icpplustiej/citar?org=JUS-RC&locale=es&appVersion=V+7.44.4 | Call log: | - navigating to ""https://sede.administracionespublicas.gob.es/icpplustiej/citar?org=JUS-RC&locale=es&appVersion=V+7.44.4"", waiting until ""domcontentloaded"" | ",649,31575915080,rodrigosalasp,https://github.com/rodrigosalasp/monitor-citas/actions/runs/31575915080
2026-08-12T09:10:47Z,2026-08-12 09:10:47,NO HAY CITAS DISPONIBLES,RESULTADO,,42.7,1,5.6,https://sede.administracionespublicas.gob.es/icpplustiej/acCitarB,No,,650,31581229533,rodrigosalasp,https://github.com/rodrigosalasp/monitor-citas/actions/runs/31581229533
2026-08-12T10:32:56Z,2026-08-12 10:32:56,NO HAY CITAS DISPONIBLES,RESULTADO,,43.3,1,7.4,https://sede.administracionespublicas.gob.es/icpplustiej/acCitarB,No,,651,31587496846,rodrigosalasp,https://github.com/rodrigosalasp/monitor-citas/actions/runs/31587496846
2026-08-12T11:38:08Z,2026-08-12 11:38:08,ERROR DE CONEXION,ABRIR_WEB,ERR_CONNECTION_RESET,255.1,3,90.0;4.6;4.6,,Si,"No fue posible cargar correctamente la sede después de 3 intentos. | Intento 1; fase=ABRIR_WEB; tipo_error=TIMEOUT_GOTO; duracion=90.0s; TimeoutError: Page.goto: Timeout 90000ms exceeded. | Call log: | - navigating to ""https://sede.administracionespublicas.gob.es/icpplustiej/citar?org=JUS-RC&locale=es&appVersion=V+7.44.4"", waiting until ""domcontentloaded"" | || Intento 2; fase=ABRIR_WEB; tipo_error=ERR_CONNECTION_RESET; duracion=4.6s; Error: Page.goto: net::ERR_CONNECTION_RESET at https://sede.administracionespublicas.gob.es/icpplustiej/citar?org=JUS-RC&locale=es&appVersion=V+7.44.4 | Call log: | - navigating to ""https://sede.administracionespublicas.gob.es/icpplustiej/citar?org=JUS-RC&locale=es&appVersion=V+7.44.4"", waiting until ""domcontentloaded"" | || Intento 3; fase=ABRIR_WEB; tipo_error=ERR_CONNECTION_RESET; duracion=4.6s; Error: Page.goto: net::ERR_CONNECTION_RESET at https://sede.administracionespublicas.gob.es/icpplustiej/citar?org=JUS-RC&locale=es&appVersion=V+7.44.4 | Call log: | - navigating to ""https://sede.administracionespublicas.gob.es/icpplustiej/citar?org=JUS-RC&locale=es&appVersion=V+7.44.4"", waiting until ""domcontentloaded"" | ",652,31591788072,rodrigosalasp,https://github.com/rodrigosalasp/monitor-citas/actions/runs/31591788072
2026-08-12T12:31:53Z,2026-08-12 12:31:53,NO HAY CITAS DISPONIBLES,RESULTADO,,44.2,1,7.5,https://sede.administracionespublicas.gob.es/icpplustiej/acCitarB,No,,653,31596539795,rodrigosalasp,https://github.com/rodrigosalasp/monitor-citas/actions/runs/31596539795
2026-08-12T14:10:45Z,2026-08-12 14:10:45,NO HAY CITAS DISPONIBLES,RESULTADO,,42.9,1,5.6,https://sede.administracionespublicas.gob.es/icpplustiej/acCitarB,No,,654,31604654145,rodrigosalasp,https://github.com/rodrigosalasp/monitor-citas/actions/runs/31604654145
2026-08-12T15:20:37Z,2026-08-12 15:20:37,NO HAY CITAS DISPONIBLES,RESULTADO,,45.4,1,7.6,https://sede.administracionespublicas.gob.es/icpplustiej/acCitarB,No,,655,31611362961,rodrigosalasp,https://github.com/rodrigosalasp/monitor-citas/actions/runs/31611362961
2026-08-12T16:15:15Z,2026-08-12 16:15:15,NO HAY CITAS DISPONIBLES,RESULTADO,,41.5,1,5.4,https://sede.administracionespublicas.gob.es/icpplustiej/acCitarB,No,,656,31616323942,rodrigosalasp,https://github.com/rodrigosalasp/monitor-citas/actions/runs/31616323942
2026-08-12T17:20:45Z,2026-08-12 17:20:45,NO HAY CITAS DISPONIBLES,RESULTADO,,43.3,1,6.8,https://sede.administracionespublicas.gob.es/icpplustiej/acCitarB,No,,657,31621609651,rodrigosalasp,https://github.com/rodrigosalasp/monitor-citas/actions/runs/31621609651
2026-08-12T18:10:37Z,2026-08-12 18:10:37,NO HAY CITAS DISPONIBLES,RESULTADO,,41.5,1,5.6,https://sede.administracionespublicas.gob.es/icpplustiej/acCitarB,No,,658,31626110855,rodrigosalasp,https://github.com/rodrigosalasp/monitor-citas/actions/runs/31626110855
2026-08-12T19:32:51Z,2026-08-12 19:32:51,NO HAY CITAS DISPONIBLES,RESULTADO,,43.9,1,7.8,https://sede.administracionespublicas.gob.es/icpplustiej/acCitarB,No,,659,31632791853,rodrigosalasp,https://github.com/rodrigosalasp/monitor-citas/actions/runs/31632791853
2026-08-12T20:22:53Z,2026-08-12 20:22:53,NO HAY CITAS DISPONIBLES,RESULTADO,,43.9,1,6.9,https://sede.administracionespublicas.gob.es/icpplustiej/acCitarB,No,,660,31637027957,rodrigosalasp,https://github.com/rodrigosalasp/monitor-citas/actions/runs/31637027957
2026-08-12T21:15:38Z,2026-08-12 21:15:38,NO HAY CITAS DISPONIBLES,RESULTADO,,40.9,1,5.3,https://sede.administracionespublicas.gob.es/icpplustiej/acCitarB,No,,661,31640998388,rodrigosalasp,https://github.com/rodrigosalasp/monitor-citas/actions/runs/31640998388
2026-08-12T22:09:17Z,2026-08-12 22:09:17,ERROR DE CONEXION,ABRIR_WEB,ERR_CONNECTION_RESET,180.9,3,32.4;4.5;4.5,,Si,"No fue posible cargar correctamente la sede después de 3 intentos. | Intento 1; fase=CARGAR_TRAMITE; tipo_error=TIMEOUT_SELECTOR; duracion=32.4s; TimeoutError: Page.wait_for_selector: Timeout 30000ms exceeded. | Call log: | - waiting for locator(""select[id='tramiteGrupo[2]']"") to be visible | - waiting for navigation to finish... | || Intento 2; fase=ABRIR_WEB; tipo_error=ERR_CONNECTION_RESET; duracion=4.5s; Error: Page.goto: net::ERR_CONNECTION_RESET at https://sede.administracionespublicas.gob.es/icpplustiej/citar?org=JUS-RC&locale=es&appVersion=V+7.44.4 | Call log: | - navigating to ""https://sede.administracionespublicas.gob.es/icpplustiej/citar?org=JUS-RC&locale=es&appVersion=V+7.44.4"", waiting until ""domcontentloaded"" | || Intento 3; fase=ABRIR_WEB; tipo_error=ERR_CONNECTION_RESET; duracion=4.5s; Error: Page.goto: net::ERR_CONNECTION_RESET at https://sede.administracionespublicas.gob.es/icpplustiej/citar?org=JUS-RC&locale=es&appVersion=V+7.44.4 | Call log: | - navigating to ""https://sede.administracionespublicas.gob.es/icpplustiej/citar?org=JUS-RC&locale=es&appVersion=V+7.44.4"", waiting until ""domcontentloaded"" | ",662,31645372852,rodrigosalasp,https://github.com/rodrigosalasp/monitor-citas/actions/runs/31645372852
2026-08-12T23:06:09Z,2026-08-12 23:06:09,NO HAY CITAS DISPONIBLES,RESULTADO,,41.1,1,4.9,https://sede.administracionespublicas.gob.es/icpplustiej/acCitarB,No,,663,31649438301,rodrigosalasp,https://github.com/rodrigosalasp/monitor-citas/actions/runs/31649438301
2026-08-13T00:01:45Z,2026-08-13 00:01:45,NO HAY CITAS DISPONIBLES,RESULTADO,,39.7,1,4.2,https://sede.administracionespublicas.gob.es/icpplustiej/acCitarB,No,,664,31652873580,rodrigosalasp,https://github.com/rodrigosalasp/monitor-citas/actions/runs/31652873580
2026-08-13T02:32:37Z,2026-08-13 02:32:37,NO HAY CITAS DISPONIBLES,RESULTADO,,59.0,1,5.8,https://sede.administracionespublicas.gob.es/icpplustiej/acCitarB,No,,665,31660671329,rodrigosalasp,https://github.com/rodrigosalasp/monitor-citas/actions/runs/31660671329
2026-08-13T04:32:45Z,2026-08-13 04:32:45,NO HAY CITAS DISPONIBLES,RESULTADO,,40.2,1,4.7,https://sede.administracionespublicas.gob.es/icpplustiej/acCitarB,No,,666,31667086639,rodrigosalasp,https://github.com/rodrigosalasp/monitor-citas/actions/runs/31667086639
2026-08-13T06:10:46Z,2026-08-13 06:10:46,NO HAY CITAS DISPONIBLES,RESULTADO,,43.2,1,5.5,https://sede.administracionespublicas.gob.es/icpplustiej/acCitarB,No,,667,31672417160,rodrigosalasp,https://github.com/rodrigosalasp/monitor-citas/actions/runs/31672417160
2026-08-13T08:02:15Z,2026-08-13 08:02:15,NO HAY CITAS DISPONIBLES,RESULTADO,,41.2,1,4.9,https://sede.administracionespublicas.gob.es/icpplustiej/acCitarB,No,,668,31679775027,rodrigosalasp,https://github.com/rodrigosalasp/monitor-citas/actions/runs/31679775027
2026-08-13T09:10:38Z,2026-08-13 09:10:38,NO HAY CITAS DISPONIBLES,RESULTADO,,41.6,1,5.9,https://sede.administracionespublicas.gob.es/icpplustiej/acCitarB,No,,669,31684931845,rodrigosalasp,https://github.com/rodrigosalasp/monitor-citas/actions/runs/31684931845
2026-08-13T10:37:08Z,2026-08-13 10:37:08,NO HAY CITAS DISPONIBLES,RESULTADO,,41.9,1,5.4,https://sede.administracionespublicas.gob.es/icpplustiej/acCitarB,No,,670,31691298139,rodrigosalasp,https://github.com/rodrigosalasp/monitor-citas/actions/runs/31691298139
2026-08-13T11:26:39Z,2026-08-13 11:26:39,NO HAY CITAS DISPONIBLES,RESULTADO,,42.8,1,5.9,https://sede.administracionespublicas.gob.es/icpplustiej/acCitarB,No,,671,31695346382,rodrigosalasp,https://github.com/rodrigosalasp/monitor-citas/actions/runs/31695346382
2026-08-13T12:33:44Z,2026-08-13 12:33:44,NO HAY CITAS DISPONIBLES,RESULTADO,,43.2,1,6.2,https://sede.administracionespublicas.gob.es/icpplustiej/acCitarB,No,,672,31700223795,rodrigosalasp,https://github.com/rodrigosalasp/monitor-citas/actions/runs/31700223795
2026-08-13T14:06:37Z,2026-08-13 14:06:37,NO HAY CITAS DISPONIBLES,RESULTADO,,44.0,1,7.5,https://sede.administracionespublicas.gob.es/icpplustiej/acCitarB,No,,673,31708216259,rodrigosalasp,https://github.com/rodrigosalasp/monitor-citas/actions/runs/31708216259
2026-08-13T15:21:44Z,2026-08-13 15:21:44,NO HAY CITAS DISPONIBLES,RESULTADO,,43.1,1,5.9,https://sede.administracionespublicas.gob.es/icpplustiej/acCitarB,No,,674,31714511038,rodrigosalasp,https://github.com/rodrigosalasp/monitor-citas/actions/runs/31714511038
2026-08-13T16:17:28Z,2026-08-13 16:17:28,ERROR DE CONEXION,ABRIR_WEB,ERR_CONNECTION_RESET,237.8,3,90.0;4.5;4.5,,Si,"No fue posible cargar correctamente la sede después de 3 intentos. | Intento 1; fase=ABRIR_WEB; tipo_error=TIMEOUT_GOTO; duracion=90.0s; TimeoutError: Page.goto: Timeout 90000ms exceeded. | Call log: | - navigating to ""https://sede.administracionespublicas.gob.es/icpplustiej/citar?org=JUS-RC&locale=es&appVersion=V+7.44.4"", waiting until ""domcontentloaded"" | || Intento 2; fase=ABRIR_WEB; tipo_error=ERR_CONNECTION_RESET; duracion=4.5s; Error: Page.goto: net::ERR_CONNECTION_RESET at https://sede.administracionespublicas.gob.es/icpplustiej/citar?org=JUS-RC&locale=es&appVersion=V+7.44.4 | Call log: | - navigating to ""https://sede.administracionespublicas.gob.es/icpplustiej/citar?org=JUS-RC&locale=es&appVersion=V+7.44.4"", waiting until ""domcontentloaded"" | || Intento 3; fase=ABRIR_WEB; tipo_error=ERR_CONNECTION_RESET; duracion=4.5s; Error: Page.goto: net::ERR_CONNECTION_RESET at https://sede.administracionespublicas.gob.es/icpplustiej/citar?org=JUS-RC&locale=es&appVersion=V+7.44.4 | Call log: | - navigating to ""https://sede.administracionespublicas.gob.es/icpplustiej/citar?org=JUS-RC&locale=es&appVersion=V+7.44.4"", waiting until ""domcontentloaded"" | ",675,31719408727,rodrigosalasp,https://github.com/rodrigosalasp/monitor-citas/actions/runs/31719408727
2026-08-13T17:16:28Z,2026-08-13 17:16:28,NO HAY CITAS DISPONIBLES,RESULTADO,,43.1,1,6.4,https://sede.administracionespublicas.gob.es/icpplustiej/acCitarB,No,,676,31724711463,rodrigosalasp,https://github.com/rodrigosalasp/monitor-citas/actions/runs/31724711463
2026-08-13T18:11:38Z,2026-08-13 18:11:38,NO HAY CITAS DISPONIBLES,RESULTADO,,52.5,1,4.0,https://sede.administracionespublicas.gob.es/icpplustiej/acCitarB,No,,677,31729271742,rodrigosalasp,https://github.com/rodrigosalasp/monitor-citas/actions/runs/31729271742
2026-08-13T19:31:02Z,2026-08-13 19:31:02,NO HAY CITAS DISPONIBLES,RESULTADO,,43.7,1,7.3,https://sede.administracionespublicas.gob.es/icpplustiej/acCitarB,No,,678,31735916203,rodrigosalasp,https://github.com/rodrigosalasp/monitor-citas/actions/runs/31735916203
2026-08-13T20:15:34Z,2026-08-13 20:15:34,NO HAY CITAS DISPONIBLES,RESULTADO,,41.3,1,5.1,https://sede.administracionespublicas.gob.es/icpplustiej/acCitarB,No,,679,31739317706,rodrigosalasp,https://github.com/rodrigosalasp/monitor-citas/actions/runs/31739317706
2026-08-13T21:11:49Z,2026-08-13 21:11:49,NO HAY CITAS DISPONIBLES,RESULTADO,,39.6,1,4.2,https://sede.administracionespublicas.gob.es/icpplustiej/acCitarB,No,,680,31743982630,rodrigosalasp,https://github.com/rodrigosalasp/monitor-citas/actions/runs/31743982630
2026-08-13T22:06:02Z,2026-08-13 22:06:02,NO HAY CITAS DISPONIBLES,RESULTADO,,41.3,1,5.7,https://sede.administracionespublicas.gob.es/icpplustiej/acCitarB,No,,681,31748415739,rodrigosalasp,https://github.com/rodrigosalasp/monitor-citas/actions/runs/31748415739
2026-08-13T23:10:18Z,2026-08-13 23:10:18,NO HAY CITAS DISPONIBLES,RESULTADO,,42.3,1,6.7,https://sede.administracionespublicas.gob.es/icpplustiej/acCitarB,No,,682,31752442218,rodrigosalasp,https://github.com/rodrigosalasp/monitor-citas/actions/runs/31752442218
2026-08-14T00:16:05Z,2026-08-14 00:16:05,ERROR DE CONEXION,ABRIR_WEB,RUNTIME_ERROR,494.0,3,90.0;90.0;90.0,,Si,"No fue posible cargar correctamente la sede después de 3 intentos. | Intento 1; fase=ABRIR_WEB; tipo_error=TIMEOUT_GOTO; duracion=90.0s; TimeoutError: Page.goto: Timeout 90000ms exceeded. | Call log: | - navigating to ""https://sede.administracionespublicas.gob.es/icpplustiej/citar?org=JUS-RC&locale=es&appVersion=V+7.44.4"", waiting until ""domcontentloaded"" | || Intento 2; fase=ABRIR_WEB; tipo_error=TIMEOUT_GOTO; duracion=90.0s; TimeoutError: Page.goto: Timeout 90000ms exceeded. | Call log: | - navigating to ""https://sede.administracionespublicas.gob.es/icpplustiej/citar?org=JUS-RC&locale=es&appVersion=V+7.44.4"", waiting until ""domcontentloaded"" | || Intento 3; fase=ABRIR_WEB; tipo_error=TIMEOUT_GOTO; duracion=90.0s; TimeoutError: Page.goto: Timeout 90000ms exceeded. | Call log: | - navigating to ""https://sede.administracionespublicas.gob.es/icpplustiej/citar?org=JUS-RC&locale=es&appVersion=V+7.44.4"", waiting until ""domcontentloaded"" | ",683,31755830265,rodrigosalasp,https://github.com/rodrigosalasp/monitor-citas/actions/runs/31755830265
2026-08-14T02:56:22Z,2026-08-14 02:56:22,NO HAY CITAS DISPONIBLES,RESULTADO,,41.7,1,5.1,https://sede.administracionespublicas.gob.es/icpplustiej/acCitarB,No,,684,31764792958,rodrigosalasp,https://github.com/rodrigosalasp/monitor-citas/actions/runs/31764792958
2026-08-14T04:49:43Z,2026-08-14 04:49:43,NO HAY CITAS DISPONIBLES,RESULTADO,,43.9,1,6.4,https://sede.administracionespublicas.gob.es/icpplustiej/acCitarB,No,,685,31770707025,rodrigosalasp,https://github.com/rodrigosalasp/monitor-citas/actions/runs/31770707025
2026-08-14T06:11:37Z,2026-08-14 06:11:37,NO HAY CITAS DISPONIBLES,RESULTADO,,42.7,1,6.5,https://sede.administracionespublicas.gob.es/icpplustiej/acCitarB,No,,686,31775236133,rodrigosalasp,https://github.com/rodrigosalasp/monitor-citas/actions/runs/31775236133
2026-08-14T08:01:07Z,2026-08-14 08:01:07,NO HAY CITAS DISPONIBLES,RESULTADO,,43.3,1,5.9,https://sede.administracionespublicas.gob.es/icpplustiej/acCitarB,No,,687,31781627476,rodrigosalasp,https://github.com/rodrigosalasp/monitor-citas/actions/runs/31781627476
2026-08-14T09:10:04Z,2026-08-14 09:10:04,ERROR DE CONEXION,ABRIR_WEB,ERR_CONNECTION_RESET,114.9,3,32.4;4.5;4.5,,Si,"No fue posible cargar correctamente la sede después de 3 intentos. | Intento 1; fase=CARGAR_TRAMITE; tipo_error=TIMEOUT_SELECTOR; duracion=32.4s; TimeoutError: Page.wait_for_selector: Timeout 30000ms exceeded. | Call log: | - waiting for locator(""select[id='tramiteGrupo[2]']"") to be visible | - waiting for navigation to finish... | || Intento 2; fase=ABRIR_WEB; tipo_error=ERR_CONNECTION_RESET; duracion=4.5s; Error: Page.goto: net::ERR_CONNECTION_RESET at https://sede.administracionespublicas.gob.es/icpplustiej/citar?org=JUS-RC&locale=es&appVersion=V+7.44.4 | Call log: | - navigating to ""https://sede.administracionespublicas.gob.es/icpplustiej/citar?org=JUS-RC&locale=es&appVersion=V+7.44.4"", waiting until ""domcontentloaded"" | || Intento 3; fase=ABRIR_WEB; tipo_error=ERR_CONNECTION_RESET; duracion=4.5s; Error: Page.goto: net::ERR_CONNECTION_RESET at https://sede.administracionespublicas.gob.es/icpplustiej/citar?org=JUS-RC&locale=es&appVersion=V+7.44.4 | Call log: | - navigating to ""https://sede.administracionespublicas.gob.es/icpplustiej/citar?org=JUS-RC&locale=es&appVersion=V+7.44.4"", waiting until ""domcontentloaded"" | ",688,31786283042,rodrigosalasp,https://github.com/rodrigosalasp/monitor-citas/actions/runs/31786283042
2026-08-14T10:21:38Z,2026-08-14 10:21:38,NO HAY CITAS DISPONIBLES,RESULTADO,,42.0,1,6.1,https://sede.administracionespublicas.gob.es/icpplustiej/acCitarB,No,,689,31791652083,rodrigosalasp,https://github.com/rodrigosalasp/monitor-citas/actions/runs/31791652083
2026-08-14T11:20:00Z,2026-08-14 11:20:00,NO HAY CITAS DISPONIBLES,RESULTADO,,42.7,1,5.8,https://sede.administracionespublicas.gob.es/icpplustiej/acCitarB,No,,690,31795182102,rodrigosalasp,https://github.com/rodrigosalasp/monitor-citas/actions/runs/31795182102
2026-08-14T12:04:25Z,2026-08-14 12:04:25,ERROR DE CONEXION,ABRIR_WEB,ERR_CONNECTION_RESET,163.3,3,32.5;12.5;4.5,,Si,"No fue posible cargar correctamente la sede después de 3 intentos. | Intento 1; fase=CARGAR_TRAMITE; tipo_error=TIMEOUT_SELECTOR; duracion=32.5s; TimeoutError: Page.wait_for_selector: Timeout 30000ms exceeded. | Call log: | - waiting for locator(""select[id='tramiteGrupo[2]']"") to be visible | - waiting for navigation to finish... | || Intento 2; fase=ABRIR_WEB; tipo_error=ERR_CONNECTION_RESET; duracion=12.5s; Error: Page.goto: net::ERR_CONNECTION_RESET at https://sede.administracionespublicas.gob.es/icpplustiej/citar?org=JUS-RC&locale=es&appVersion=V+7.44.4 | Call log: | - navigating to ""https://sede.administracionespublicas.gob.es/icpplustiej/citar?org=JUS-RC&locale=es&appVersion=V+7.44.4"", waiting until ""domcontentloaded"" | || Intento 3; fase=ABRIR_WEB; tipo_error=ERR_CONNECTION_RESET; duracion=4.5s; Error: Page.goto: net::ERR_CONNECTION_RESET at https://sede.administracionespublicas.gob.es/icpplustiej/citar?org=JUS-RC&locale=es&appVersion=V+7.44.4 | Call log: | - navigating to ""https://sede.administracionespublicas.gob.es/icpplustiej/citar?org=JUS-RC&locale=es&appVersion=V+7.44.4"", waiting until ""domcontentloaded"" | ",691,31798391863,rodrigosalasp,https://github.com/rodrigosalasp/monitor-citas/actions/runs/31798391863
2026-08-14T13:19:40Z,2026-08-14 13:19:40,NO HAY CITAS DISPONIBLES,RESULTADO,,41.0,1,4.3,https://sede.administracionespublicas.gob.es/icpplustiej/acCitarB,No,,692,31803542846,rodrigosalasp,https://github.com/rodrigosalasp/monitor-citas/actions/runs/31803542846
2026-08-14T14:29:00Z,2026-08-14 14:29:00,NO HAY CITAS DISPONIBLES,RESULTADO,,42.1,1,5.5,https://sede.administracionespublicas.gob.es/icpplustiej/acCitarB,No,,693,31809495463,rodrigosalasp,https://github.com/rodrigosalasp/monitor-citas/actions/runs/31809495463
2026-08-14T15:32:09Z,2026-08-14 15:32:09,NO HAY CITAS DISPONIBLES,RESULTADO,,41.3,1,5.4,https://sede.administracionespublicas.gob.es/icpplustiej/acCitarB,No,,694,31814393079,rodrigosalasp,https://github.com/rodrigosalasp/monitor-citas/actions/runs/31814393079
2026-08-14T16:36:44Z,2026-08-14 16:36:44,NO HAY CITAS DISPONIBLES,RESULTADO,,44.4,1,6.8,https://sede.administracionespublicas.gob.es/icpplustiej/acCitarB,No,,695,31819411698,rodrigosalasp,https://github.com/rodrigosalasp/monitor-citas/actions/runs/31819411698
2026-08-14T17:37:53Z,2026-08-14 17:37:53,NO HAY CITAS DISPONIBLES,RESULTADO,,44.8,1,7.0,https://sede.administracionespublicas.gob.es/icpplustiej/acCitarB,No,,696,31824527365,rodrigosalasp,https://github.com/rodrigosalasp/monitor-citas/actions/runs/31824527365
2026-08-14T18:33:52Z,2026-08-14 18:33:52,NO HAY CITAS DISPONIBLES,RESULTADO,,41.6,1,4.1,https://sede.administracionespublicas.gob.es/icpplustiej/acCitarB,No,,697,31828820191,rodrigosalasp,https://github.com/rodrigosalasp/monitor-citas/actions/runs/31828820191
2026-08-14T19:40:29Z,2026-08-14 19:40:29,ERROR GENERAL,SELECCIONAR_TRAMITE,PLAYWRIGHT_ERROR,32.2,1,29.8,https://sede.administracionespublicas.gob.es/icpplustiej/selectProvincia,Si,"Page.evaluate: ReferenceError: eliminarSeleccionOtrosGrupos is not defined | at eval (eval at evaluate (:311:30), <anonymous>:5:21) | at UtilityScript.evaluate (<anonymous>:318:18) | at UtilityScript.<anonymous> (<anonymous>:1:44)",698,31833790924,rodrigosalasp,https://github.com/rodrigosalasp/monitor-citas/actions/runs/31833790924
2026-08-14T20:08:10Z,2026-08-14 20:08:10,NO HAY CITAS DISPONIBLES,RESULTADO,,42.1,1,6.2,https://sede.administracionespublicas.gob.es/icpplustiej/acCitarB,No,,699,31836323720,rodrigosalasp,https://github.com/rodrigosalasp/monitor-citas/actions/runs/31836323720
2026-08-14T20:55:07Z,2026-08-14 20:55:07,NO HAY CITAS DISPONIBLES,RESULTADO,,39.5,1,4.0,https://sede.administracionespublicas.gob.es/icpplustiej/acCitarB,No,,700,31839490533,rodrigosalasp,https://github.com/rodrigosalasp/monitor-citas/actions/runs/31839490533
2026-08-14T21:26:02Z,2026-08-14 21:26:02,ERROR DE CONEXION,ABRIR_WEB,ERR_CONNECTION_RESET,177.3,3,33.0;4.6;4.6,,Si,"No fue posible cargar correctamente la sede después de 3 intentos. | Intento 1; fase=CARGAR_TRAMITE; tipo_error=TIMEOUT_SELECTOR; duracion=33.0s; TimeoutError: Page.wait_for_selector: Timeout 30000ms exceeded. | Call log: | - waiting for locator(""select[id='tramiteGrupo[2]']"") to be visible | - waiting for navigation to finish... | || Intento 2; fase=ABRIR_WEB; tipo_error=ERR_CONNECTION_RESET; duracion=4.6s; Error: Page.goto: net::ERR_CONNECTION_RESET at https://sede.administracionespublicas.gob.es/icpplustiej/citar?org=JUS-RC&locale=es&appVersion=V+7.44.4 | Call log: | - navigating to ""https://sede.administracionespublicas.gob.es/icpplustiej/citar?org=JUS-RC&locale=es&appVersion=V+7.44.4"", waiting until ""domcontentloaded"" | || Intento 3; fase=ABRIR_WEB; tipo_error=ERR_CONNECTION_RESET; duracion=4.6s; Error: Page.goto: net::ERR_CONNECTION_RESET at https://sede.administracionespublicas.gob.es/icpplustiej/citar?org=JUS-RC&locale=es&appVersion=V+7.44.4 | Call log: | - navigating to ""https://sede.administracionespublicas.gob.es/icpplustiej/citar?org=JUS-RC&locale=es&appVersion=V+7.44.4"", waiting until ""domcontentloaded"" | ",701,31841799137,rodrigosalasp,https://github.com/rodrigosalasp/monitor-citas/actions/runs/31841799137
2026-08-14T21:49:25Z,2026-08-14 21:49:25,NO HAY CITAS DISPONIBLES,RESULTADO,,41.6,1,5.9,https://sede.administracionespublicas.gob.es/icpplustiej/acCitarB,No,,702,31843665882,rodrigosalasp,https://github.com/rodrigosalasp/monitor-citas/actions/runs/31843665882
2026-08-14T22:22:18Z,2026-08-14 22:22:18,NO HAY CITAS DISPONIBLES,RESULTADO,,44.1,1,7.6,https://sede.administracionespublicas.gob.es/icpplustiej/acCitarB,No,,703,31845820566,rodrigosalasp,https://github.com/rodrigosalasp/monitor-citas/actions/runs/31845820566
2026-08-14T22:45:01Z,2026-08-14 22:45:01,NO HAY CITAS DISPONIBLES,RESULTADO,,41.5,1,5.8,https://sede.administracionespublicas.gob.es/icpplustiej/acCitarB,No,,704,31847620888,rodrigosalasp,https://github.com/rodrigosalasp/monitor-citas/actions/runs/31847620888
2026-08-14T23:23:42Z,2026-08-14 23:23:42,NO HAY CITAS DISPONIBLES,RESULTADO,,50.0,1,14.4,https://sede.administracionespublicas.gob.es/icpplustiej/acCitarB,No,,705,31849638310,rodrigosalasp,https://github.com/rodrigosalasp/monitor-citas/actions/runs/31849638310
2026-08-14T23:47:48Z,2026-08-14 23:47:48,NO HAY CITAS DISPONIBLES,RESULTADO,,42.7,1,5.9,https://sede.administracionespublicas.gob.es/icpplustiej/acCitarB,No,,706,31851082348,rodrigosalasp,https://github.com/rodrigosalasp/monitor-citas/actions/runs/31851082348
2026-08-15T00:02:29Z,2026-08-15 00:02:29,NO HAY CITAS DISPONIBLES,RESULTADO,,40.3,1,4.7,https://sede.administracionespublicas.gob.es/icpplustiej/acCitarB,No,,707,31852106470,rodrigosalasp,https://github.com/rodrigosalasp/monitor-citas/actions/runs/31852106470
2026-08-15T01:18:07Z,2026-08-15 01:18:07,NO HAY CITAS DISPONIBLES,RESULTADO,,42.0,1,6.2,https://sede.administracionespublicas.gob.es/icpplustiej/acCitarB,No,,708,31855817997,rodrigosalasp,https://github.com/rodrigosalasp/monitor-citas/actions/runs/31855817997
2026-08-15T02:26:34Z,2026-08-15 02:26:34,NO HAY CITAS DISPONIBLES,RESULTADO,,40.8,1,5.2,https://sede.administracionespublicas.gob.es/icpplustiej/acCitarB,No,,709,31858883542,rodrigosalasp,https://github.com/rodrigosalasp/monitor-citas/actions/runs/31858883542
2026-08-15T03:10:48Z,2026-08-15 03:10:48,NO HAY CITAS DISPONIBLES,RESULTADO,,42.1,1,6.3,https://sede.administracionespublicas.gob.es/icpplustiej/acCitarB,No,,710,31861028838,rodrigosalasp,https://github.com/rodrigosalasp/monitor-citas/actions/runs/31861028838
2026-08-15T04:03:11Z,2026-08-15 04:03:11,NO HAY CITAS DISPONIBLES,RESULTADO,,42.6,1,5.8,https://sede.administracionespublicas.gob.es/icpplustiej/acCitarB,No,,711,31863105577,rodrigosalasp,https://github.com/rodrigosalasp/monitor-citas/actions/runs/31863105577
2026-08-15T04:31:46Z,2026-08-15 04:31:46,ERROR DE CONEXION,ABRIR_WEB,ERR_CONNECTION_RESET,236.8,3,90.0;4.5;4.5,,Si,"No fue posible cargar correctamente la sede después de 3 intentos. | Intento 1; fase=ABRIR_WEB; tipo_error=TIMEOUT_GOTO; duracion=90.0s; TimeoutError: Page.goto: Timeout 90000ms exceeded. | Call log: | - navigating to ""https://sede.administracionespublicas.gob.es/icpplustiej/citar?org=JUS-RC&locale=es&appVersion=V+7.44.4"", waiting until ""domcontentloaded"" | || Intento 2; fase=ABRIR_WEB; tipo_error=ERR_CONNECTION_RESET; duracion=4.5s; Error: Page.goto: net::ERR_CONNECTION_RESET at https://sede.administracionespublicas.gob.es/icpplustiej/citar?org=JUS-RC&locale=es&appVersion=V+7.44.4 | Call log: | - navigating to ""https://sede.administracionespublicas.gob.es/icpplustiej/citar?org=JUS-RC&locale=es&appVersion=V+7.44.4"", waiting until ""domcontentloaded"" | || Intento 3; fase=ABRIR_WEB; tipo_error=ERR_CONNECTION_RESET; duracion=4.5s; Error: Page.goto: net::ERR_CONNECTION_RESET at https://sede.administracionespublicas.gob.es/icpplustiej/citar?org=JUS-RC&locale=es&appVersion=V+7.44.4 | Call log: | - navigating to ""https://sede.administracionespublicas.gob.es/icpplustiej/citar?org=JUS-RC&locale=es&appVersion=V+7.44.4"", waiting until ""domcontentloaded"" | ",712,31864318816,rodrigosalasp,https://github.com/rodrigosalasp/monitor-citas/actions/runs/31864318816
2026-08-15T05:08:12Z,2026-08-15 05:08:12,ERROR DE CONEXION,ABRIR_WEB,ERR_CONNECTION_RESET,270.3,3,90.0;4.5;4.7,,Si,"No fue posible cargar correctamente la sede después de 3 intentos. | Intento 1; fase=ABRIR_WEB; tipo_error=TIMEOUT_GOTO; duracion=90.0s; TimeoutError: Page.goto: Timeout 90000ms exceeded. | Call log: | - navigating to ""https://sede.administracionespublicas.gob.es/icpplustiej/citar?org=JUS-RC&locale=es&appVersion=V+7.44.4"", waiting until ""domcontentloaded"" | || Intento 2; fase=ABRIR_WEB; tipo_error=ERR_CONNECTION_RESET; duracion=4.5s; Error: Page.goto: net::ERR_CONNECTION_RESET at https://sede.administracionespublicas.gob.es/icpplustiej/citar?org=JUS-RC&locale=es&appVersion=V+7.44.4 | Call log: | - navigating to ""https://sede.administracionespublicas.gob.es/icpplustiej/citar?org=JUS-RC&locale=es&appVersion=V+7.44.4"", waiting until ""domcontentloaded"" | || Intento 3; fase=ABRIR_WEB; tipo_error=ERR_CONNECTION_RESET; duracion=4.7s; Error: Page.goto: net::ERR_CONNECTION_RESET at https://sede.administracionespublicas.gob.es/icpplustiej/citar?org=JUS-RC&locale=es&appVersion=V+7.44.4 | Call log: | - navigating to ""https://sede.administracionespublicas.gob.es/icpplustiej/citar?org=JUS-RC&locale=es&appVersion=V+7.44.4"", waiting until ""domcontentloaded"" | ",713,31865812818,rodrigosalasp,https://github.com/rodrigosalasp/monitor-citas/actions/runs/31865812818
2026-08-15T05:37:29Z,2026-08-15 05:37:29,NO HAY CITAS DISPONIBLES,RESULTADO,,43.7,1,5.3,https://sede.administracionespublicas.gob.es/icpplustiej/acCitarB,No,,714,31867043376,rodrigosalasp,https://github.com/rodrigosalasp/monitor-citas/actions/runs/31867043376
2026-08-15T06:03:21Z,2026-08-15 06:03:21,NO HAY CITAS DISPONIBLES,RESULTADO,,42.3,1,6.2,https://sede.administracionespublicas.gob.es/icpplustiej/acCitarB,No,,715,31868153139,rodrigosalasp,https://github.com/rodrigosalasp/monitor-citas/actions/runs/31868153139
2026-08-15T06:30:00Z,2026-08-15 06:30:00,NO HAY CITAS DISPONIBLES,RESULTADO,,41.9,1,6.1,https://sede.administracionespublicas.gob.es/icpplustiej/acCitarB,No,,716,31869436069,rodrigosalasp,https://github.com/rodrigosalasp/monitor-citas/actions/runs/31869436069
2026-08-15T07:17:32Z,2026-08-15 07:17:32,NO HAY CITAS DISPONIBLES,RESULTADO,,42.0,1,6.2,https://sede.administracionespublicas.gob.es/icpplustiej/acCitarB,No,,717,31871204808,rodrigosalasp,https://github.com/rodrigosalasp/monitor-citas/actions/runs/31871204808
2026-08-15T07:52:48Z,2026-08-15 07:52:48,ERROR DE CONEXION,ABRIR_WEB,ERR_CONNECTION_RESET,196.4,3,32.6;4.5;4.5,,Si,"No fue posible cargar correctamente la sede después de 3 intentos. | Intento 1; fase=CARGAR_TRAMITE; tipo_error=TIMEOUT_SELECTOR; duracion=32.6s; TimeoutError: Page.wait_for_selector: Timeout 30000ms exceeded. | Call log: | - waiting for locator(""select[id='tramiteGrupo[2]']"") to be visible | - waiting for navigation to finish... | - navigated to ""https://sede.administracionespublicas.gob.es/icpplustiej/selectProvincia"" | || Intento 2; fase=ABRIR_WEB; tipo_error=ERR_CONNECTION_RESET; duracion=4.5s; Error: Page.goto: net::ERR_CONNECTION_RESET at https://sede.administracionespublicas.gob.es/icpplustiej/citar?org=JUS-RC&locale=es&appVersion=V+7.44.4 | Call log: | - navigating to ""https://sede.administracionespublicas.gob.es/icpplustiej/citar?org=JUS-RC&locale=es&appVersion=V+7.44.4"", waiting until ""domcontentloaded"" | || Intento 3; fase=ABRIR_WEB; tipo_error=ERR_CONNECTION_RESET; duracion=4.5s; Error: Page.goto: net::ERR_CONNECTION_RESET at https://sede.administracionespublicas.gob.es/icpplustiej/citar?org=JUS-RC&locale=es&appVersion=V+7.44.4 | Call log: | - navigating to ""https://sede.administracionespublicas.gob.es/icpplustiej/citar?org=JUS-RC&locale=es&appVersion=V+7.44.4"", waiting until ""domcontentloaded"" | ",718,31872777508,rodrigosalasp,https://github.com/rodrigosalasp/monitor-citas/actions/runs/31872777508
2026-08-15T08:33:25Z,2026-08-15 08:33:25,ERROR DE CONEXION,ABRIR_WEB,RUNTIME_ERROR,428.8,3,90.0;90.0;90.0,,Si,"No fue posible cargar correctamente la sede después de 3 intentos. | Intento 1; fase=ABRIR_WEB; tipo_error=TIMEOUT_GOTO; duracion=90.0s; TimeoutError: Page.goto: Timeout 90000ms exceeded. | Call log: | - navigating to ""https://sede.administracionespublicas.gob.es/icpplustiej/citar?org=JUS-RC&locale=es&appVersion=V+7.44.4"", waiting until ""domcontentloaded"" | || Intento 2; fase=ABRIR_WEB; tipo_error=TIMEOUT_GOTO; duracion=90.0s; TimeoutError: Page.goto: Timeout 90000ms exceeded. | Call log: | - navigating to ""https://sede.administracionespublicas.gob.es/icpplustiej/citar?org=JUS-RC&locale=es&appVersion=V+7.44.4"", waiting until ""domcontentloaded"" | || Intento 3; fase=ABRIR_WEB; tipo_error=TIMEOUT_GOTO; duracion=90.0s; TimeoutError: Page.goto: Timeout 90000ms exceeded. | Call log: | - navigating to ""https://sede.administracionespublicas.gob.es/icpplustiej/citar?org=JUS-RC&locale=es&appVersion=V+7.44.4"", waiting until ""domcontentloaded"" | ",719,31874125147,rodrigosalasp,https://github.com/rodrigosalasp/monitor-citas/actions/runs/31874125147
2026-08-15T08:53:50Z,2026-08-15 08:53:50,NO HAY CITAS DISPONIBLES,RESULTADO,,42.1,1,4.4,https://sede.administracionespublicas.gob.es/icpplustiej/acCitarB,No,,720,31875401094,rodrigosalasp,https://github.com/rodrigosalasp/monitor-citas/actions/runs/31875401094
2026-08-15T09:20:14Z,2026-08-15 09:20:14,NO HAY CITAS DISPONIBLES,RESULTADO,,43.2,1,5.6,https://sede.administracionespublicas.gob.es/icpplustiej/acCitarB,No,,721,31876640208,rodrigosalasp,https://github.com/rodrigosalasp/monitor-citas/actions/runs/31876640208
2026-08-15T09:48:57Z,2026-08-15 09:48:57,NO HAY CITAS DISPONIBLES,RESULTADO,,42.3,1,6.5,https://sede.administracionespublicas.gob.es/icpplustiej/acCitarB,No,,722,31877736561,rodrigosalasp,https://github.com/rodrigosalasp/monitor-citas/actions/runs/31877736561
2026-08-15T10:22:05Z,2026-08-15 10:22:05,ERROR DE CONEXION,ABRIR_WEB,ERR_CONNECTION_RESET,162.8,3,32.8;4.5;12.5,,Si,"No fue posible cargar correctamente la sede después de 3 intentos. | Intento 1; fase=CARGAR_TRAMITE; tipo_error=TIMEOUT_SELECTOR; duracion=32.8s; TimeoutError: Page.wait_for_selector: Timeout 30000ms exceeded. | Call log: | - waiting for locator(""select[id='tramiteGrupo[2]']"") to be visible | - waiting for navigation to finish... | || Intento 2; fase=ABRIR_WEB; tipo_error=ERR_CONNECTION_RESET; duracion=4.5s; Error: Page.goto: net::ERR_CONNECTION_RESET at https://sede.administracionespublicas.gob.es/icpplustiej/citar?org=JUS-RC&locale=es&appVersion=V+7.44.4 | Call log: | - navigating to ""https://sede.administracionespublicas.gob.es/icpplustiej/citar?org=JUS-RC&locale=es&appVersion=V+7.44.4"", waiting until ""domcontentloaded"" | || Intento 3; fase=ABRIR_WEB; tipo_error=ERR_CONNECTION_RESET; duracion=12.5s; Error: Page.goto: net::ERR_CONNECTION_RESET at https://sede.administracionespublicas.gob.es/icpplustiej/citar?org=JUS-RC&locale=es&appVersion=V+7.44.4 | Call log: | - navigating to ""https://sede.administracionespublicas.gob.es/icpplustiej/citar?org=JUS-RC&locale=es&appVersion=V+7.44.4"", waiting until ""domcontentloaded"" | ",723,31879017386,rodrigosalasp,https://github.com/rodrigosalasp/monitor-citas/actions/runs/31879017386
2026-08-15T10:43:56Z,2026-08-15 10:43:56,NO HAY CITAS DISPONIBLES,RESULTADO,,43.4,1,7.4,https://sede.administracionespublicas.gob.es/icpplustiej/acCitarB,No,,724,31880147660,rodrigosalasp,https://github.com/rodrigosalasp/monitor-citas/actions/runs/31880147660
2026-08-15T11:14:47Z,2026-08-15 11:14:47,NO HAY CITAS DISPONIBLES,RESULTADO,,41.7,1,5.8,https://sede.administracionespublicas.gob.es/icpplustiej/acCitarB,No,,725,31881447853,rodrigosalasp,https://github.com/rodrigosalasp/monitor-citas/actions/runs/31881447853
2026-08-15T11:37:38Z,2026-08-15 11:37:38,NO HAY CITAS DISPONIBLES,RESULTADO,,39.7,1,4.2,https://sede.administracionespublicas.gob.es/icpplustiej/acCitarB,No,,726,31882408592,rodrigosalasp,https://github.com/rodrigosalasp/monitor-citas/actions/runs/31882408592
2026-08-15T12:00:42Z,2026-08-15 12:00:42,ERROR DE CONEXION,ABRIR_WEB,ERR_CONNECTION_RESET,240.6,3,90.0;4.7;4.7,,Si,"No fue posible cargar correctamente la sede después de 3 intentos. | Intento 1; fase=ABRIR_WEB; tipo_error=TIMEOUT_GOTO; duracion=90.0s; TimeoutError: Page.goto: Timeout 90000ms exceeded. | Call log: | - navigating to ""https://sede.administracionespublicas.gob.es/icpplustiej/citar?org=JUS-RC&locale=es&appVersion=V+7.44.4"", waiting until ""domcontentloaded"" | || Intento 2; fase=ABRIR_WEB; tipo_error=ERR_CONNECTION_RESET; duracion=4.7s; Error: Page.goto: net::ERR_CONNECTION_RESET at https://sede.administracionespublicas.gob.es/icpplustiej/citar?org=JUS-RC&locale=es&appVersion=V+7.44.4 | Call log: | - navigating to ""https://sede.administracionespublicas.gob.es/icpplustiej/citar?org=JUS-RC&locale=es&appVersion=V+7.44.4"", waiting until ""domcontentloaded"" | || Intento 3; fase=ABRIR_WEB; tipo_error=ERR_CONNECTION_RESET; duracion=4.7s; Error: Page.goto: net::ERR_CONNECTION_RESET at https://sede.administracionespublicas.gob.es/icpplustiej/citar?org=JUS-RC&locale=es&appVersion=V+7.44.4 | Call log: | - navigating to ""https://sede.administracionespublicas.gob.es/icpplustiej/citar?org=JUS-RC&locale=es&appVersion=V+7.44.4"", waiting until ""domcontentloaded"" | ",727,31883104678,rodrigosalasp,https://github.com/rodrigosalasp/monitor-citas/actions/runs/31883104678
2026-08-15T12:32:56Z,2026-08-15 12:32:56,ERROR DE CONEXION,ABRIR_WEB,ERR_CONNECTION_RESET,251.2,3,90.0;4.7;4.7,,Si,"No fue posible cargar correctamente la sede después de 3 intentos. | Intento 1; fase=ABRIR_WEB; tipo_error=TIMEOUT_GOTO; duracion=90.0s; TimeoutError: Page.goto: Timeout 90000ms exceeded. | Call log: | - navigating to ""https://sede.administracionespublicas.gob.es/icpplustiej/citar?org=JUS-RC&locale=es&appVersion=V+7.44.4"", waiting until ""domcontentloaded"" | || Intento 2; fase=ABRIR_WEB; tipo_error=ERR_CONNECTION_RESET; duracion=4.7s; Error: Page.goto: net::ERR_CONNECTION_RESET at https://sede.administracionespublicas.gob.es/icpplustiej/citar?org=JUS-RC&locale=es&appVersion=V+7.44.4 | Call log: | - navigating to ""https://sede.administracionespublicas.gob.es/icpplustiej/citar?org=JUS-RC&locale=es&appVersion=V+7.44.4"", waiting until ""domcontentloaded"" | || Intento 3; fase=ABRIR_WEB; tipo_error=ERR_CONNECTION_RESET; duracion=4.7s; Error: Page.goto: net::ERR_CONNECTION_RESET at https://sede.administracionespublicas.gob.es/icpplustiej/citar?org=JUS-RC&locale=es&appVersion=V+7.44.4 | Call log: | - navigating to ""https://sede.administracionespublicas.gob.es/icpplustiej/citar?org=JUS-RC&locale=es&appVersion=V+7.44.4"", waiting until ""domcontentloaded"" | ",728,31884375603,rodrigosalasp,https://github.com/rodrigosalasp/monitor-citas/actions/runs/31884375603
2026-08-15T13:22:55Z,2026-08-15 13:22:55,ERROR DE CONEXION,ABRIR_WEB,ERR_CONNECTION_RESET,159.8,3,32.8;4.6;4.6,,Si,"No fue posible cargar correctamente la sede después de 3 intentos. | Intento 1; fase=CARGAR_TRAMITE; tipo_error=TIMEOUT_SELECTOR; duracion=32.8s; TimeoutError: Page.wait_for_selector: Timeout 30000ms exceeded. | Call log: | - waiting for locator(""select[id='tramiteGrupo[2]']"") to be visible | - waiting for navigation to finish... | || Intento 2; fase=ABRIR_WEB; tipo_error=ERR_CONNECTION_RESET; duracion=4.6s; Error: Page.goto: net::ERR_CONNECTION_RESET at https://sede.administracionespublicas.gob.es/icpplustiej/citar?org=JUS-RC&locale=es&appVersion=V+7.44.4 | Call log: | - navigating to ""https://sede.administracionespublicas.gob.es/icpplustiej/citar?org=JUS-RC&locale=es&appVersion=V+7.44.4"", waiting until ""domcontentloaded"" | || Intento 3; fase=ABRIR_WEB; tipo_error=ERR_CONNECTION_RESET; duracion=4.6s; Error: Page.goto: net::ERR_CONNECTION_RESET at https://sede.administracionespublicas.gob.es/icpplustiej/citar?org=JUS-RC&locale=es&appVersion=V+7.44.4 | Call log: | - navigating to ""https://sede.administracionespublicas.gob.es/icpplustiej/citar?org=JUS-RC&locale=es&appVersion=V+7.44.4"", waiting until ""domcontentloaded"" | ",729,31886550508,rodrigosalasp,https://github.com/rodrigosalasp/monitor-citas/actions/runs/31886550508
2026-08-15T13:49:38Z,2026-08-15 13:49:38,NO HAY CITAS DISPONIBLES,RESULTADO,,41.4,1,5.8,https://sede.administracionespublicas.gob.es/icpplustiej/acCitarB,No,,730,31888028376,rodrigosalasp,https://github.com/rodrigosalasp/monitor-citas/actions/runs/31888028376
2026-08-15T14:20:15Z,2026-08-15 14:20:15,NO HAY CITAS DISPONIBLES,RESULTADO,,41.8,1,5.2,https://sede.administracionespublicas.gob.es/icpplustiej/acCitarB,No,,731,31889362394,rodrigosalasp,https://github.com/rodrigosalasp/monitor-citas/actions/runs/31889362394
2026-08-15T14:45:45Z,2026-08-15 14:45:45,NO HAY CITAS DISPONIBLES,RESULTADO,,43.1,1,7.4,https://sede.administracionespublicas.gob.es/icpplustiej/acCitarB,No,,732,31890569497,rodrigosalasp,https://github.com/rodrigosalasp/monitor-citas/actions/runs/31890569497
2026-08-15T15:19:13Z,2026-08-15 15:19:13,NO HAY CITAS DISPONIBLES,RESULTADO,,41.1,1,5.2,https://sede.administracionespublicas.gob.es/icpplustiej/acCitarB,No,,733,31892065662,rodrigosalasp,https://github.com/rodrigosalasp/monitor-citas/actions/runs/31892065662
2026-08-15T15:43:01Z,2026-08-15 15:43:01,NO HAY CITAS DISPONIBLES,RESULTADO,,42.4,1,5.7,https://sede.administracionespublicas.gob.es/icpplustiej/acCitarB,No,,734,31893188351,rodrigosalasp,https://github.com/rodrigosalasp/monitor-citas/actions/runs/31893188351
2026-08-15T16:00:31Z,2026-08-15 16:00:31,ERROR DE CONEXION,ABRIR_WEB,ERR_CONNECTION_RESET,163.6,3,32.5;4.5;4.5,,Si,"No fue posible cargar correctamente la sede después de 3 intentos. | Intento 1; fase=CARGAR_TRAMITE; tipo_error=TIMEOUT_SELECTOR; duracion=32.5s; TimeoutError: Page.wait_for_selector: Timeout 30000ms exceeded. | Call log: | - waiting for locator(""select[id='tramiteGrupo[2]']"") to be visible | - waiting for navigation to finish... | || Intento 2; fase=ABRIR_WEB; tipo_error=ERR_CONNECTION_RESET; duracion=4.5s; Error: Page.goto: net::ERR_CONNECTION_RESET at https://sede.administracionespublicas.gob.es/icpplustiej/citar?org=JUS-RC&locale=es&appVersion=V+7.44.4 | Call log: | - navigating to ""https://sede.administracionespublicas.gob.es/icpplustiej/citar?org=JUS-RC&locale=es&appVersion=V+7.44.4"", waiting until ""domcontentloaded"" | || Intento 3; fase=ABRIR_WEB; tipo_error=ERR_CONNECTION_RESET; duracion=4.5s; Error: Page.goto: net::ERR_CONNECTION_RESET at https://sede.administracionespublicas.gob.es/icpplustiej/citar?org=JUS-RC&locale=es&appVersion=V+7.44.4 | Call log: | - navigating to ""https://sede.administracionespublicas.gob.es/icpplustiej/citar?org=JUS-RC&locale=es&appVersion=V+7.44.4"", waiting until ""domcontentloaded"" | ",735,31893950392,rodrigosalasp,https://github.com/rodrigosalasp/monitor-citas/actions/runs/31893950392
2026-08-15T16:22:23Z,2026-08-15 16:22:23,NO HAY CITAS DISPONIBLES,RESULTADO,,43.2,1,6.2,https://sede.administracionespublicas.gob.es/icpplustiej/acCitarB,No,,736,31894957374,rodrigosalasp,https://github.com/rodrigosalasp/monitor-citas/actions/runs/31894957374
2026-08-15T16:48:55Z,2026-08-15 16:48:55,NO HAY CITAS DISPONIBLES,RESULTADO,,42.8,1,5.9,https://sede.administracionespublicas.gob.es/icpplustiej/acCitarB,No,,737,31896259476,rodrigosalasp,https://github.com/rodrigosalasp/monitor-citas/actions/runs/31896259476
2026-08-15T17:17:05Z,2026-08-15 17:17:05,NO HAY CITAS DISPONIBLES,RESULTADO,,40.7,1,5.1,https://sede.administracionespublicas.gob.es/icpplustiej/acCitarB,No,,738,31897691352,rodrigosalasp,https://github.com/rodrigosalasp/monitor-citas/actions/runs/31897691352
2026-08-15T17:43:50Z,2026-08-15 17:43:50,NO HAY CITAS DISPONIBLES,RESULTADO,,41.9,1,6.1,https://sede.administracionespublicas.gob.es/icpplustiej/acCitarB,No,,739,31898793932,rodrigosalasp,https://github.com/rodrigosalasp/monitor-citas/actions/runs/31898793932
2026-08-15T17:56:23Z,2026-08-15 17:56:23,NO HAY CITAS DISPONIBLES,RESULTADO,,42.7,1,6.8,https://sede.administracionespublicas.gob.es/icpplustiej/acCitarB,No,,740,31899598108,rodrigosalasp,https://github.com/rodrigosalasp/monitor-citas/actions/runs/31899598108
2026-08-15T18:25:36Z,2026-08-15 18:25:36,NO HAY CITAS DISPONIBLES,RESULTADO,,41.1,1,4.4,https://sede.administracionespublicas.gob.es/icpplustiej/acCitarB,No,,741,31900717015,rodrigosalasp,https://github.com/rodrigosalasp/monitor-citas/actions/runs/31900717015
2026-08-15T18:55:20Z,2026-08-15 18:55:20,NO HAY CITAS DISPONIBLES,RESULTADO,,41.2,1,5.1,https://sede.administracionespublicas.gob.es/icpplustiej/acCitarB,No,,742,31902232103,rodrigosalasp,https://github.com/rodrigosalasp/monitor-citas/actions/runs/31902232103
2026-08-15T19:22:38Z,2026-08-15 19:22:38,NO HAY CITAS DISPONIBLES,RESULTADO,,39.6,1,4.1,https://sede.administracionespublicas.gob.es/icpplustiej/acCitarB,No,,743,31903404677,rodrigosalasp,https://github.com/rodrigosalasp/monitor-citas/actions/runs/31903404677
2026-08-15T19:48:54Z,2026-08-15 19:48:54,ERROR DE CONEXION,ABRIR_WEB,RUNTIME_ERROR,505.2,3,90.0;90.0;90.0,,Si,"No fue posible cargar correctamente la sede después de 3 intentos. | Intento 1; fase=ABRIR_WEB; tipo_error=TIMEOUT_GOTO; duracion=90.0s; TimeoutError: Page.goto: Timeout 90000ms exceeded. | Call log: | - navigating to ""https://sede.administracionespublicas.gob.es/icpplustiej/citar?org=JUS-RC&locale=es&appVersion=V+7.44.4"", waiting until ""domcontentloaded"" | || Intento 2; fase=ABRIR_WEB; tipo_error=TIMEOUT_GOTO; duracion=90.0s; TimeoutError: Page.goto: Timeout 90000ms exceeded. | Call log: | - navigating to ""https://sede.administracionespublicas.gob.es/icpplustiej/citar?org=JUS-RC&locale=es&appVersion=V+7.44.4"", waiting until ""domcontentloaded"" | || Intento 3; fase=ABRIR_WEB; tipo_error=TIMEOUT_GOTO; duracion=90.0s; TimeoutError: Page.goto: Timeout 90000ms exceeded. | Call log: | - navigating to ""https://sede.administracionespublicas.gob.es/icpplustiej/citar?org=JUS-RC&locale=es&appVersion=V+7.44.4"", waiting until ""domcontentloaded"" | ",744,31904408425,rodrigosalasp,https://github.com/rodrigosalasp/monitor-citas/actions/runs/31904408425
2026-08-15T19:53:11Z,2026-08-15 19:53:11,NO HAY CITAS DISPONIBLES,RESULTADO,,41.3,1,5.3,https://sede.administracionespublicas.gob.es/icpplustiej/acCitarB,No,,745,31905090663,rodrigosalasp,https://github.com/rodrigosalasp/monitor-citas/actions/runs/31905090663
2026-08-15T20:18:10Z,2026-08-15 20:18:10,NO HAY CITAS DISPONIBLES,RESULTADO,,39.5,1,4.0,https://sede.administracionespublicas.gob.es/icpplustiej/acCitarB,No,,746,31906103604,rodrigosalasp,https://github.com/rodrigosalasp/monitor-citas/actions/runs/31906103604
2026-08-15T20:46:38Z,2026-08-15 20:46:38,NO HAY CITAS DISPONIBLES,RESULTADO,,40.5,1,5.1,https://sede.administracionespublicas.gob.es/icpplustiej/acCitarB,No,,747,31907327261,rodrigosalasp,https://github.com/rodrigosalasp/monitor-citas/actions/runs/31907327261
2026-08-15T21:45:56Z,2026-08-15 21:45:56,NO HAY CITAS DISPONIBLES,RESULTADO,,41.7,1,5.0,https://sede.administracionespublicas.gob.es/icpplustiej/acCitarB,No,,749,31909926079,rodrigosalasp,https://github.com/rodrigosalasp/monitor-citas/actions/runs/31909926079
2026-08-15T21:59:44Z,2026-08-15 21:59:44,NO HAY CITAS DISPONIBLES,RESULTADO,,41.6,1,5.0,https://sede.administracionespublicas.gob.es/icpplustiej/acCitarB,No,,750,31910665019,rodrigosalasp,https://github.com/rodrigosalasp/monitor-citas/actions/runs/31910665019
2026-08-15T22:16:34Z,2026-08-15 22:16:34,NO HAY CITAS DISPONIBLES,RESULTADO,,43.4,1,6.3,https://sede.administracionespublicas.gob.es/icpplustiej/acCitarB,No,,751,31911528673,rodrigosalasp,https://github.com/rodrigosalasp/monitor-citas/actions/runs/31911528673
2026-08-15T22:47:07Z,2026-08-15 22:47:07,NO HAY CITAS DISPONIBLES,RESULTADO,,43.3,1,6.4,https://sede.administracionespublicas.gob.es/icpplustiej/acCitarB,No,,752,31912710981,rodrigosalasp,https://github.com/rodrigosalasp/monitor-citas/actions/runs/31912710981
2026-08-15T23:00:17Z,2026-08-15 23:00:17,NO HAY CITAS DISPONIBLES,RESULTADO,,42.4,1,6.0,https://sede.administracionespublicas.gob.es/icpplustiej/acCitarB,No,,753,31913441852,rodrigosalasp,https://github.com/rodrigosalasp/monitor-citas/actions/runs/31913441852
2026-08-15T23:19:42Z,2026-08-15 23:19:42,NO HAY CITAS DISPONIBLES,RESULTADO,,42.0,1,6.3,https://sede.administracionespublicas.gob.es/icpplustiej/acCitarB,No,,754,31914316736,rodrigosalasp,https://github.com/rodrigosalasp/monitor-citas/actions/runs/31914316736
2026-08-15T23:43:30Z,2026-08-15 23:43:30,NO HAY CITAS DISPONIBLES,RESULTADO,,41.6,1,5.9,https://sede.administracionespublicas.gob.es/icpplustiej/acCitarB,No,,755,31915207091,rodrigosalasp,https://github.com/rodrigosalasp/monitor-citas/actions/runs/31915207091
2026-08-15T23:55:05Z,2026-08-15 23:55:05,NO HAY CITAS DISPONIBLES,RESULTADO,,43.3,1,6.5,https://sede.administracionespublicas.gob.es/icpplustiej/acCitarB,No,,756,31915859179,rodrigosalasp,https://github.com/rodrigosalasp/monitor-citas/actions/runs/31915859179
2026-08-16T00:59:17Z,2026-08-16 00:59:17,ERROR DE CONEXION,ABRIR_WEB,ERR_CONNECTION_RESET,214.4,3,33.2;4.6;4.6,,Si,"No fue posible cargar correctamente la sede después de 3 intentos. | Intento 1; fase=CARGAR_TRAMITE; tipo_error=TIMEOUT_SELECTOR; duracion=33.2s; TimeoutError: Page.wait_for_selector: Timeout 30000ms exceeded. | Call log: | - waiting for locator(""select[id='tramiteGrupo[2]']"") to be visible | - waiting for navigation to finish... | || Intento 2; fase=ABRIR_WEB; tipo_error=ERR_CONNECTION_RESET; duracion=4.6s; Error: Page.goto: net::ERR_CONNECTION_RESET at https://sede.administracionespublicas.gob.es/icpplustiej/citar?org=JUS-RC&locale=es&appVersion=V+7.44.4 | Call log: | - navigating to ""https://sede.administracionespublicas.gob.es/icpplustiej/citar?org=JUS-RC&locale=es&appVersion=V+7.44.4"", waiting until ""domcontentloaded"" | || Intento 3; fase=ABRIR_WEB; tipo_error=ERR_CONNECTION_RESET; duracion=4.6s; Error: Page.goto: net::ERR_CONNECTION_RESET at https://sede.administracionespublicas.gob.es/icpplustiej/citar?org=JUS-RC&locale=es&appVersion=V+7.44.4 | Call log: | - navigating to ""https://sede.administracionespublicas.gob.es/icpplustiej/citar?org=JUS-RC&locale=es&appVersion=V+7.44.4"", waiting until ""domcontentloaded"" | ",757,31918170208,rodrigosalasp,https://github.com/rodrigosalasp/monitor-citas/actions/runs/31918170208
2026-08-16T02:20:58Z,2026-08-16 02:20:58,NO HAY CITAS DISPONIBLES,RESULTADO,,40.7,1,5.3,https://sede.administracionespublicas.gob.es/icpplustiej/acCitarB,No,,758,31921552768,rodrigosalasp,https://github.com/rodrigosalasp/monitor-citas/actions/runs/31921552768
2026-08-16T03:16:38Z,2026-08-16 03:16:38,NO HAY CITAS DISPONIBLES,RESULTADO,,40.9,1,5.4,https://sede.administracionespublicas.gob.es/icpplustiej/acCitarB,No,,759,31923785805,rodrigosalasp,https://github.com/rodrigosalasp/monitor-citas/actions/runs/31923785805
2026-08-16T04:11:35Z,2026-08-16 04:11:35,ERROR DE CONEXION,ABRIR_WEB,ERR_CONNECTION_RESET,275.7,3,90.0;4.5;4.5,,Si,"No fue posible cargar correctamente la sede después de 3 intentos. | Intento 1; fase=ABRIR_WEB; tipo_error=TIMEOUT_GOTO; duracion=90.0s; TimeoutError: Page.goto: Timeout 90000ms exceeded. | Call log: | - navigating to ""https://sede.administracionespublicas.gob.es/icpplustiej/citar?org=JUS-RC&locale=es&appVersion=V+7.44.4"", waiting until ""domcontentloaded"" | || Intento 2; fase=ABRIR_WEB; tipo_error=ERR_CONNECTION_RESET; duracion=4.5s; Error: Page.goto: net::ERR_CONNECTION_RESET at https://sede.administracionespublicas.gob.es/icpplustiej/citar?org=JUS-RC&locale=es&appVersion=V+7.44.4 | Call log: | - navigating to ""https://sede.administracionespublicas.gob.es/icpplustiej/citar?org=JUS-RC&locale=es&appVersion=V+7.44.4"", waiting until ""domcontentloaded"" | || Intento 3; fase=ABRIR_WEB; tipo_error=ERR_CONNECTION_RESET; duracion=4.5s; Error: Page.goto: net::ERR_CONNECTION_RESET at https://sede.administracionespublicas.gob.es/icpplustiej/citar?org=JUS-RC&locale=es&appVersion=V+7.44.4 | Call log: | - navigating to ""https://sede.administracionespublicas.gob.es/icpplustiej/citar?org=JUS-RC&locale=es&appVersion=V+7.44.4"", waiting until ""domcontentloaded"" | ",760,31925617235,rodrigosalasp,https://github.com/rodrigosalasp/monitor-citas/actions/runs/31925617235
2026-08-16T04:57:58Z,2026-08-16 04:57:58,NO HAY CITAS DISPONIBLES,RESULTADO,,41.5,1,6.0,https://sede.administracionespublicas.gob.es/icpplustiej/acCitarB,No,,761,31927623483,rodrigosalasp,https://github.com/rodrigosalasp/monitor-citas/actions/runs/31927623483
2026-08-16T05:25:50Z,2026-08-16 05:25:50,NO HAY CITAS DISPONIBLES,RESULTADO,,43.2,1,6.1,https://sede.administracionespublicas.gob.es/icpplustiej/acCitarB,No,,762,31928760209,rodrigosalasp,https://github.com/rodrigosalasp/monitor-citas/actions/runs/31928760209
2026-08-16T06:05:27Z,2026-08-16 06:05:27,ERROR DE CONEXION,ABRIR_WEB,ERR_CONNECTION_RESET,141.9,3,32.9;4.5;4.5,,Si,"No fue posible cargar correctamente la sede después de 3 intentos. | Intento 1; fase=CARGAR_TRAMITE; tipo_error=TIMEOUT_SELECTOR; duracion=32.9s; TimeoutError: Page.wait_for_selector: Timeout 30000ms exceeded. | Call log: | - waiting for locator(""select[id='tramiteGrupo[2]']"") to be visible | - waiting for navigation to finish... | || Intento 2; fase=ABRIR_WEB; tipo_error=ERR_CONNECTION_RESET; duracion=4.5s; Error: Page.goto: net::ERR_CONNECTION_RESET at https://sede.administracionespublicas.gob.es/icpplustiej/citar?org=JUS-RC&locale=es&appVersion=V+7.44.4 | Call log: | - navigating to ""https://sede.administracionespublicas.gob.es/icpplustiej/citar?org=JUS-RC&locale=es&appVersion=V+7.44.4"", waiting until ""domcontentloaded"" | || Intento 3; fase=ABRIR_WEB; tipo_error=ERR_CONNECTION_RESET; duracion=4.5s; Error: Page.goto: net::ERR_CONNECTION_RESET at https://sede.administracionespublicas.gob.es/icpplustiej/citar?org=JUS-RC&locale=es&appVersion=V+7.44.4 | Call log: | - navigating to ""https://sede.administracionespublicas.gob.es/icpplustiej/citar?org=JUS-RC&locale=es&appVersion=V+7.44.4"", waiting until ""domcontentloaded"" | ",763,31930234743,rodrigosalasp,https://github.com/rodrigosalasp/monitor-citas/actions/runs/31930234743
2026-08-16T06:45:05Z,2026-08-16 06:45:05,NO HAY CITAS DISPONIBLES,RESULTADO,,42.1,1,6.4,https://sede.administracionespublicas.gob.es/icpplustiej/acCitarB,No,,764,31931895865,rodrigosalasp,https://github.com/rodrigosalasp/monitor-citas/actions/runs/31931895865
2026-08-16T07:25:02Z,2026-08-16 07:25:02,NO HAY CITAS DISPONIBLES,RESULTADO,,40.2,1,4.5,https://sede.administracionespublicas.gob.es/icpplustiej/acCitarB,No,,765,31933481023,rodrigosalasp,https://github.com/rodrigosalasp/monitor-citas/actions/runs/31933481023
2026-08-16T07:49:32Z,2026-08-16 07:49:32,NO HAY CITAS DISPONIBLES,RESULTADO,,45.7,1,7.8,https://sede.administracionespublicas.gob.es/icpplustiej/acCitarB,No,,766,31934801555,rodrigosalasp,https://github.com/rodrigosalasp/monitor-citas/actions/runs/31934801555
2026-08-16T08:21:55Z,2026-08-16 08:21:55,NO HAY CITAS DISPONIBLES,RESULTADO,,42.8,1,6.1,https://sede.administracionespublicas.gob.es/icpplustiej/acCitarB,No,,767,31936133857,rodrigosalasp,https://github.com/rodrigosalasp/monitor-citas/actions/runs/31936133857
2026-08-16T08:59:02Z,2026-08-16 08:59:02,NO HAY CITAS DISPONIBLES,RESULTADO,,41.9,1,5.6,https://sede.administracionespublicas.gob.es/icpplustiej/acCitarB,No,,768,31937478674,rodrigosalasp,https://github.com/rodrigosalasp/monitor-citas/actions/runs/31937478674
2026-08-16T09:27:12Z,2026-08-16 09:27:12,NO HAY CITAS DISPONIBLES,RESULTADO,,43.6,1,7.0,https://sede.administracionespublicas.gob.es/icpplustiej/acCitarB,No,,769,31938724697,rodrigosalasp,https://github.com/rodrigosalasp/monitor-citas/actions/runs/31938724697
2026-08-16T09:53:13Z,2026-08-16 09:53:13,NO HAY CITAS DISPONIBLES,RESULTADO,,42.2,1,5.9,https://sede.administracionespublicas.gob.es/icpplustiej/acCitarB,No,,770,31939920082,rodrigosalasp,https://github.com/rodrigosalasp/monitor-citas/actions/runs/31939920082
2026-08-16T10:22:13Z,2026-08-16 10:22:13,NO HAY CITAS DISPONIBLES,RESULTADO,,39.7,1,4.2,https://sede.administracionespublicas.gob.es/icpplustiej/acCitarB,No,,771,31941180422,rodrigosalasp,https://github.com/rodrigosalasp/monitor-citas/actions/runs/31941180422
2026-08-16T10:47:17Z,2026-08-16 10:47:17,NO HAY CITAS DISPONIBLES,RESULTADO,,40.8,1,5.3,https://sede.administracionespublicas.gob.es/icpplustiej/acCitarB,No,,772,31942355363,rodrigosalasp,https://github.com/rodrigosalasp/monitor-citas/actions/runs/31942355363
2026-08-16T11:15:09Z,2026-08-16 11:15:09,NO HAY CITAS DISPONIBLES,RESULTADO,,41.8,1,5.5,https://sede.administracionespublicas.gob.es/icpplustiej/acCitarB,No,,773,31943724373,rodrigosalasp,https://github.com/rodrigosalasp/monitor-citas/actions/runs/31943724373
2026-08-16T11:37:55Z,2026-08-16 11:37:55,NO HAY CITAS DISPONIBLES,RESULTADO,,41.8,1,5.9,https://sede.administracionespublicas.gob.es/icpplustiej/acCitarB,No,,774,31944753719,rodrigosalasp,https://github.com/rodrigosalasp/monitor-citas/actions/runs/31944753719
2026-08-16T11:58:03Z,2026-08-16 11:58:03,NO HAY CITAS DISPONIBLES,RESULTADO,,42.1,1,5.7,https://sede.administracionespublicas.gob.es/icpplustiej/acCitarB,No,,775,31945503521,rodrigosalasp,https://github.com/rodrigosalasp/monitor-citas/actions/runs/31945503521
2026-08-16T12:28:10Z,2026-08-16 12:28:10,NO HAY CITAS DISPONIBLES,RESULTADO,,41.5,1,4.7,https://sede.administracionespublicas.gob.es/icpplustiej/acCitarB,No,,776,31946866215,rodrigosalasp,https://github.com/rodrigosalasp/monitor-citas/actions/runs/31946866215
2026-08-16T13:24:45Z,2026-08-16 13:24:45,NO HAY CITAS DISPONIBLES,RESULTADO,,42.5,1,5.8,https://sede.administracionespublicas.gob.es/icpplustiej/acCitarB,No,,777,31949327063,rodrigosalasp,https://github.com/rodrigosalasp/monitor-citas/actions/runs/31949327063
2026-08-16T13:53:44Z,2026-08-16 13:53:44,NO HAY CITAS DISPONIBLES,RESULTADO,,42.0,1,6.3,https://sede.administracionespublicas.gob.es/icpplustiej/acCitarB,No,,778,31950776399,rodrigosalasp,https://github.com/rodrigosalasp/monitor-citas/actions/runs/31950776399
2026-08-16T14:20:54Z,2026-08-16 14:20:54,NO HAY CITAS DISPONIBLES,RESULTADO,,39.6,1,4.1,https://sede.administracionespublicas.gob.es/icpplustiej/acCitarB,No,,779,31952127521,rodrigosalasp,https://github.com/rodrigosalasp/monitor-citas/actions/runs/31952127521
2026-08-16T14:47:53Z,2026-08-16 14:47:53,NO HAY CITAS DISPONIBLES,RESULTADO,,42.7,1,5.9,https://sede.administracionespublicas.gob.es/icpplustiej/acCitarB,No,,780,31953427470,rodrigosalasp,https://github.com/rodrigosalasp/monitor-citas/actions/runs/31953427470
2026-08-16T15:15:14Z,2026-08-16 15:15:14,NO HAY CITAS DISPONIBLES,RESULTADO,,48.2,1,10.9,https://sede.administracionespublicas.gob.es/icpplustiej/acCitarB,No,,781,31955007864,rodrigosalasp,https://github.com/rodrigosalasp/monitor-citas/actions/runs/31955007864
2026-08-16T15:39:37Z,2026-08-16 15:39:37,NO HAY CITAS DISPONIBLES,RESULTADO,,43.5,1,6.3,https://sede.administracionespublicas.gob.es/icpplustiej/acCitarB,No,,782,31956224717,rodrigosalasp,https://github.com/rodrigosalasp/monitor-citas/actions/runs/31956224717
2026-08-16T16:01:28Z,2026-08-16 16:01:28,NO HAY CITAS DISPONIBLES,RESULTADO,,41.2,1,5.6,https://sede.administracionespublicas.gob.es/icpplustiej/acCitarB,No,,783,31957048685,rodrigosalasp,https://github.com/rodrigosalasp/monitor-citas/actions/runs/31957048685
2026-08-16T16:20:37Z,2026-08-16 16:20:37,NO HAY CITAS DISPONIBLES,RESULTADO,,43.2,1,6.7,https://sede.administracionespublicas.gob.es/icpplustiej/acCitarB,No,,784,31958041196,rodrigosalasp,https://github.com/rodrigosalasp/monitor-citas/actions/runs/31958041196
2026-08-16T16:51:13Z,2026-08-16 16:51:13,NO HAY CITAS DISPONIBLES,RESULTADO,,40.4,1,4.9,https://sede.administracionespublicas.gob.es/icpplustiej/acCitarB,No,,785,31959474688,rodrigosalasp,https://github.com/rodrigosalasp/monitor-citas/actions/runs/31959474688
2026-08-16T17:18:34Z,2026-08-16 17:18:34,NO HAY CITAS DISPONIBLES,RESULTADO,,43.5,1,6.8,https://sede.administracionespublicas.gob.es/icpplustiej/acCitarB,No,,786,31960919165,rodrigosalasp,https://github.com/rodrigosalasp/monitor-citas/actions/runs/31960919165
2026-08-16T17:41:43Z,2026-08-16 17:41:43,NO HAY CITAS DISPONIBLES,RESULTADO,,41.2,1,4.2,https://sede.administracionespublicas.gob.es/icpplustiej/acCitarB,No,,787,31962056365,rodrigosalasp,https://github.com/rodrigosalasp/monitor-citas/actions/runs/31962056365
2026-08-16T17:58:45Z,2026-08-16 17:58:45,NO HAY CITAS DISPONIBLES,RESULTADO,,40.6,1,5.1,https://sede.administracionespublicas.gob.es/icpplustiej/acCitarB,No,,788,31962849012,rodrigosalasp,https://github.com/rodrigosalasp/monitor-citas/actions/runs/31962849012
2026-08-16T18:24:10Z,2026-08-16 18:24:10,NO HAY CITAS DISPONIBLES,RESULTADO,,40.5,1,4.0,https://sede.administracionespublicas.gob.es/icpplustiej/acCitarB,No,,789,31964145609,rodrigosalasp,https://github.com/rodrigosalasp/monitor-citas/actions/runs/31964145609
2026-08-16T18:54:19Z,2026-08-16 18:54:19,ERROR DE CONEXION,ABRIR_WEB,ERR_CONNECTION_RESET,210.4,3,90.0;4.7;4.7,,Si,"No fue posible cargar correctamente la sede después de 3 intentos. | Intento 1; fase=ABRIR_WEB; tipo_error=TIMEOUT_GOTO; duracion=90.0s; TimeoutError: Page.goto: Timeout 90000ms exceeded. | Call log: | - navigating to ""https://sede.administracionespublicas.gob.es/icpplustiej/citar?org=JUS-RC&locale=es&appVersion=V+7.44.4"", waiting until ""domcontentloaded"" | || Intento 2; fase=ABRIR_WEB; tipo_error=ERR_CONNECTION_RESET; duracion=4.7s; Error: Page.goto: net::ERR_CONNECTION_RESET at https://sede.administracionespublicas.gob.es/icpplustiej/citar?org=JUS-RC&locale=es&appVersion=V+7.44.4 | Call log: | - navigating to ""https://sede.administracionespublicas.gob.es/icpplustiej/citar?org=JUS-RC&locale=es&appVersion=V+7.44.4"", waiting until ""domcontentloaded"" | || Intento 3; fase=ABRIR_WEB; tipo_error=ERR_CONNECTION_RESET; duracion=4.7s; Error: Page.goto: net::ERR_CONNECTION_RESET at https://sede.administracionespublicas.gob.es/icpplustiej/citar?org=JUS-RC&locale=es&appVersion=V+7.44.4 | Call log: | - navigating to ""https://sede.administracionespublicas.gob.es/icpplustiej/citar?org=JUS-RC&locale=es&appVersion=V+7.44.4"", waiting until ""domcontentloaded"" | ",790,31965715385,rodrigosalasp,https://github.com/rodrigosalasp/monitor-citas/actions/runs/31965715385
2026-08-16T19:22:11Z,2026-08-16 19:22:11,NO HAY CITAS DISPONIBLES,RESULTADO,,40.7,1,5.0,https://sede.administracionespublicas.gob.es/icpplustiej/acCitarB,No,,791,31967052155,rodrigosalasp,https://github.com/rodrigosalasp/monitor-citas/actions/runs/31967052155
2026-08-16T19:38:49Z,2026-08-16 19:38:49,NO HAY CITAS DISPONIBLES,RESULTADO,,42.9,1,5.9,https://sede.administracionespublicas.gob.es/icpplustiej/acCitarB,No,,792,31968093433,rodrigosalasp,https://github.com/rodrigosalasp/monitor-citas/actions/runs/31968093433
2026-08-16T19:56:09Z,2026-08-16 19:56:09,NO HAY CITAS DISPONIBLES,RESULTADO,,39.7,1,4.3,https://sede.administracionespublicas.gob.es/icpplustiej/acCitarB,No,,793,31968770122,rodrigosalasp,https://github.com/rodrigosalasp/monitor-citas/actions/runs/31968770122
2026-08-16T20:16:50Z,2026-08-16 20:16:50,NO HAY CITAS DISPONIBLES,RESULTADO,,40.2,1,4.6,https://sede.administracionespublicas.gob.es/icpplustiej/acCitarB,No,,794,31969891479,rodrigosalasp,https://github.com/rodrigosalasp/monitor-citas/actions/runs/31969891479
2026-08-16T20:43:28Z,2026-08-16 20:43:28,NO HAY CITAS DISPONIBLES,RESULTADO,,40.4,1,4.8,https://sede.administracionespublicas.gob.es/icpplustiej/acCitarB,No,,795,31971194021,rodrigosalasp,https://github.com/rodrigosalasp/monitor-citas/actions/runs/31971194021
2026-08-16T20:58:48Z,2026-08-16 20:58:48,NO HAY CITAS DISPONIBLES,RESULTADO,,42.4,1,6.1,https://sede.administracionespublicas.gob.es/icpplustiej/acCitarB,No,,796,31972020510,rodrigosalasp,https://github.com/rodrigosalasp/monitor-citas/actions/runs/31972020510
2026-08-16T21:23:08Z,2026-08-16 21:23:08,NO HAY CITAS DISPONIBLES,RESULTADO,,41.6,1,6.1,https://sede.administracionespublicas.gob.es/icpplustiej/acCitarB,No,,797,31972999120,rodrigosalasp,https://github.com/rodrigosalasp/monitor-citas/actions/runs/31972999120
2026-08-16T21:44:18Z,2026-08-16 21:44:18,ERROR DE CONEXION,ABRIR_WEB,ERR_CONNECTION_RESET,244.2,3,95.8;4.7;4.7,,Si,"No fue posible cargar correctamente la sede después de 3 intentos. | Intento 1; fase=CARGAR_TRAMITE; tipo_error=TIMEOUT_SELECTOR; duracion=95.8s; TimeoutError: Page.wait_for_selector: Timeout 30000ms exceeded. | Call log: | - waiting for locator(""select[id='tramiteGrupo[2]']"") to be visible | || Intento 2; fase=ABRIR_WEB; tipo_error=ERR_CONNECTION_RESET; duracion=4.7s; Error: Page.goto: net::ERR_CONNECTION_RESET at https://sede.administracionespublicas.gob.es/icpplustiej/citar?org=JUS-RC&locale=es&appVersion=V+7.44.4 | Call log: | - navigating to ""https://sede.administracionespublicas.gob.es/icpplustiej/citar?org=JUS-RC&locale=es&appVersion=V+7.44.4"", waiting until ""domcontentloaded"" | || Intento 3; fase=ABRIR_WEB; tipo_error=ERR_CONNECTION_RESET; duracion=4.7s; Error: Page.goto: net::ERR_CONNECTION_RESET at https://sede.administracionespublicas.gob.es/icpplustiej/citar?org=JUS-RC&locale=es&appVersion=V+7.44.4 | Call log: | - navigating to ""https://sede.administracionespublicas.gob.es/icpplustiej/citar?org=JUS-RC&locale=es&appVersion=V+7.44.4"", waiting until ""domcontentloaded"" | ",798,31974004351,rodrigosalasp,https://github.com/rodrigosalasp/monitor-citas/actions/runs/31974004351
2026-08-16T21:59:19Z,2026-08-16 21:59:19,NO HAY CITAS DISPONIBLES,RESULTADO,,41.2,1,5.6,https://sede.administracionespublicas.gob.es/icpplustiej/acCitarB,No,,799,31974748541,rodrigosalasp,https://github.com/rodrigosalasp/monitor-citas/actions/runs/31974748541
2026-08-16T22:14:11Z,2026-08-16 22:14:11,NO HAY CITAS DISPONIBLES,RESULTADO,,39.7,1,4.2,https://sede.administracionespublicas.gob.es/icpplustiej/acCitarB,No,,800,31975726822,rodrigosalasp,https://github.com/rodrigosalasp/monitor-citas/actions/runs/31975726822
2026-08-16T22:43:11Z,2026-08-16 22:43:11,NO HAY CITAS DISPONIBLES,RESULTADO,,42.0,1,5.5,https://sede.administracionespublicas.gob.es/icpplustiej/acCitarB,No,,801,31976872580,rodrigosalasp,https://github.com/rodrigosalasp/monitor-citas/actions/runs/31976872580
2026-08-16T23:00:10Z,2026-08-16 23:00:10,NO HAY CITAS DISPONIBLES,RESULTADO,,44.5,1,6.4,https://sede.administracionespublicas.gob.es/icpplustiej/acCitarB,No,,802,31977633591,rodrigosalasp,https://github.com/rodrigosalasp/monitor-citas/actions/runs/31977633591
2026-08-16T23:20:54Z,2026-08-16 23:20:54,NO HAY CITAS DISPONIBLES,RESULTADO,,42.3,1,6.2,https://sede.administracionespublicas.gob.es/icpplustiej/acCitarB,No,,803,31978482532,rodrigosalasp,https://github.com/rodrigosalasp/monitor-citas/actions/runs/31978482532
2026-08-16T23:38:26Z,2026-08-16 23:38:26,NO HAY CITAS DISPONIBLES,RESULTADO,,43.6,1,6.6,https://sede.administracionespublicas.gob.es/icpplustiej/acCitarB,No,,804,31979539808,rodrigosalasp,https://github.com/rodrigosalasp/monitor-citas/actions/runs/31979539808
2026-08-16T23:54:54Z,2026-08-16 23:54:54,NO HAY CITAS DISPONIBLES,RESULTADO,,42.0,1,5.6,https://sede.administracionespublicas.gob.es/icpplustiej/acCitarB,No,,805,31980299147,rodrigosalasp,https://github.com/rodrigosalasp/monitor-citas/actions/runs/31980299147
2026-08-17T00:59:09Z,2026-08-17 00:59:09,ERROR DE CONEXION,ABRIR_WEB,ERR_CONNECTION_RESET,237.9,3,90.0;4.6;4.6,,Si,"No fue posible cargar correctamente la sede después de 3 intentos. | Intento 1; fase=ABRIR_WEB; tipo_error=TIMEOUT_GOTO; duracion=90.0s; TimeoutError: Page.goto: Timeout 90000ms exceeded. | Call log: | - navigating to ""https://sede.administracionespublicas.gob.es/icpplustiej/citar?org=JUS-RC&locale=es&appVersion=V+7.44.4"", waiting until ""domcontentloaded"" | || Intento 2; fase=ABRIR_WEB; tipo_error=ERR_CONNECTION_RESET; duracion=4.6s; Error: Page.goto: net::ERR_CONNECTION_RESET at https://sede.administracionespublicas.gob.es/icpplustiej/citar?org=JUS-RC&locale=es&appVersion=V+7.44.4 | Call log: | - navigating to ""https://sede.administracionespublicas.gob.es/icpplustiej/citar?org=JUS-RC&locale=es&appVersion=V+7.44.4"", waiting until ""domcontentloaded"" | || Intento 3; fase=ABRIR_WEB; tipo_error=ERR_CONNECTION_RESET; duracion=4.6s; Error: Page.goto: net::ERR_CONNECTION_RESET at https://sede.administracionespublicas.gob.es/icpplustiej/citar?org=JUS-RC&locale=es&appVersion=V+7.44.4 | Call log: | - navigating to ""https://sede.administracionespublicas.gob.es/icpplustiej/citar?org=JUS-RC&locale=es&appVersion=V+7.44.4"", waiting until ""domcontentloaded"" | ",806,31983047155,rodrigosalasp,https://github.com/rodrigosalasp/monitor-citas/actions/runs/31983047155
2026-08-17T02:22:36Z,2026-08-17 02:22:36,NO HAY CITAS DISPONIBLES,RESULTADO,,146.3,2,37.1;5.3,https://sede.administracionespublicas.gob.es/icpplustiej/acCitarB,No,,807,31987444839,rodrigosalasp,https://github.com/rodrigosalasp/monitor-citas/actions/runs/31987444839
2026-08-17T03:22:15Z,2026-08-17 03:22:15,NO HAY CITAS DISPONIBLES,RESULTADO,,41.8,1,5.5,https://sede.administracionespublicas.gob.es/icpplustiej/acCitarB,No,,808,31990518606,rodrigosalasp,https://github.com/rodrigosalasp/monitor-citas/actions/runs/31990518606
2026-08-17T04:05:56Z,2026-08-17 04:05:56,NO HAY CITAS DISPONIBLES,RESULTADO,,40.9,1,5.0,https://sede.administracionespublicas.gob.es/icpplustiej/acCitarB,No,,809,31993193387,rodrigosalasp,https://github.com/rodrigosalasp/monitor-citas/actions/runs/31993193387
2026-08-17T05:06:22Z,2026-08-17 05:06:22,NO HAY CITAS DISPONIBLES,RESULTADO,,41.3,1,4.1,https://sede.administracionespublicas.gob.es/icpplustiej/acCitarB,No,,810,31996318344,rodrigosalasp,https://github.com/rodrigosalasp/monitor-citas/actions/runs/31996318344
2026-08-17T05:43:13Z,2026-08-17 05:43:13,NO HAY CITAS DISPONIBLES,RESULTADO,,41.2,1,4.3,https://sede.administracionespublicas.gob.es/icpplustiej/acCitarB,No,,811,31998566535,rodrigosalasp,https://github.com/rodrigosalasp/monitor-citas/actions/runs/31998566535
2026-08-17T06:05:13Z,2026-08-17 06:05:13,NO HAY CITAS DISPONIBLES,RESULTADO,,40.6,1,5.1,https://sede.administracionespublicas.gob.es/icpplustiej/acCitarB,No,,812,32000108930,rodrigosalasp,https://github.com/rodrigosalasp/monitor-citas/actions/runs/32000108930
2026-08-17T07:26:11Z,2026-08-17 07:26:11,NO HAY CITAS DISPONIBLES,RESULTADO,,45.1,1,8.0,https://sede.administracionespublicas.gob.es/icpplustiej/acCitarB,No,,813,32005147461,rodrigosalasp,https://github.com/rodrigosalasp/monitor-citas/actions/runs/32005147461
2026-08-17T08:11:44Z,2026-08-17 08:11:44,ERROR DE CONEXION,ABRIR_WEB,ERR_CONNECTION_RESET,253.4,3,90.0;4.7;4.7,,Si,"No fue posible cargar correctamente la sede después de 3 intentos. | Intento 1; fase=ABRIR_WEB; tipo_error=TIMEOUT_GOTO; duracion=90.0s; TimeoutError: Page.goto: Timeout 90000ms exceeded. | Call log: | - navigating to ""https://sede.administracionespublicas.gob.es/icpplustiej/citar?org=JUS-RC&locale=es&appVersion=V+7.44.4"", waiting until ""domcontentloaded"" | || Intento 2; fase=ABRIR_WEB; tipo_error=ERR_CONNECTION_RESET; duracion=4.7s; Error: Page.goto: net::ERR_CONNECTION_RESET at https://sede.administracionespublicas.gob.es/icpplustiej/citar?org=JUS-RC&locale=es&appVersion=V+7.44.4 | Call log: | - navigating to ""https://sede.administracionespublicas.gob.es/icpplustiej/citar?org=JUS-RC&locale=es&appVersion=V+7.44.4"", waiting until ""domcontentloaded"" | || Intento 3; fase=ABRIR_WEB; tipo_error=ERR_CONNECTION_RESET; duracion=4.7s; Error: Page.goto: net::ERR_CONNECTION_RESET at https://sede.administracionespublicas.gob.es/icpplustiej/citar?org=JUS-RC&locale=es&appVersion=V+7.44.4 | Call log: | - navigating to ""https://sede.administracionespublicas.gob.es/icpplustiej/citar?org=JUS-RC&locale=es&appVersion=V+7.44.4"", waiting until ""domcontentloaded"" | ",814,32008517690,rodrigosalasp,https://github.com/rodrigosalasp/monitor-citas/actions/runs/32008517690
2026-08-17T09:11:19Z,2026-08-17 09:11:19,ERROR DE CONEXION,ABRIR_WEB,ERR_CONNECTION_RESET,215.7,3,90.0;4.5;4.5,,Si,"No fue posible cargar correctamente la sede después de 3 intentos. | Intento 1; fase=ABRIR_WEB; tipo_error=TIMEOUT_GOTO; duracion=90.0s; TimeoutError: Page.goto: Timeout 90000ms exceeded. | Call log: | - navigating to ""https://sede.administracionespublicas.gob.es/icpplustiej/citar?org=JUS-RC&locale=es&appVersion=V+7.44.4"", waiting until ""domcontentloaded"" | || Intento 2; fase=ABRIR_WEB; tipo_error=ERR_CONNECTION_RESET; duracion=4.5s; Error: Page.goto: net::ERR_CONNECTION_RESET at https://sede.administracionespublicas.gob.es/icpplustiej/citar?org=JUS-RC&locale=es&appVersion=V+7.44.4 | Call log: | - navigating to ""https://sede.administracionespublicas.gob.es/icpplustiej/citar?org=JUS-RC&locale=es&appVersion=V+7.44.4"", waiting until ""domcontentloaded"" | || Intento 3; fase=ABRIR_WEB; tipo_error=ERR_CONNECTION_RESET; duracion=4.5s; Error: Page.goto: net::ERR_CONNECTION_RESET at https://sede.administracionespublicas.gob.es/icpplustiej/citar?org=JUS-RC&locale=es&appVersion=V+7.44.4 | Call log: | - navigating to ""https://sede.administracionespublicas.gob.es/icpplustiej/citar?org=JUS-RC&locale=es&appVersion=V+7.44.4"", waiting until ""domcontentloaded"" | ",815,32013192771,rodrigosalasp,https://github.com/rodrigosalasp/monitor-citas/actions/runs/32013192771
2026-08-17T10:04:34Z,2026-08-17 10:04:34,NO HAY CITAS DISPONIBLES,RESULTADO,,40.7,1,4.9,https://sede.administracionespublicas.gob.es/icpplustiej/acCitarB,No,,816,32017922027,rodrigosalasp,https://github.com/rodrigosalasp/monitor-citas/actions/runs/32017922027
2026-08-17T10:37:03Z,2026-08-17 10:37:03,NO HAY CITAS DISPONIBLES,RESULTADO,,43.1,1,6.7,https://sede.administracionespublicas.gob.es/icpplustiej/acCitarB,No,,817,32020800262,rodrigosalasp,https://github.com/rodrigosalasp/monitor-citas/actions/runs/32020800262
2026-08-17T11:08:46Z,2026-08-17 11:08:46,NO HAY CITAS DISPONIBLES,RESULTADO,,43.6,1,6.9,https://sede.administracionespublicas.gob.es/icpplustiej/acCitarB,No,,818,32022763606,rodrigosalasp,https://github.com/rodrigosalasp/monitor-citas/actions/runs/32022763606
2026-08-17T11:32:24Z,2026-08-17 11:32:24,NO HAY CITAS DISPONIBLES,RESULTADO,,41.5,1,5.8,https://sede.administracionespublicas.gob.es/icpplustiej/acCitarB,No,,819,32025230624,rodrigosalasp,https://github.com/rodrigosalasp/monitor-citas/actions/runs/32025230624
2026-08-17T12:02:27Z,2026-08-17 12:02:27,NO HAY CITAS DISPONIBLES,RESULTADO,,43.1,1,6.0,https://sede.administracionespublicas.gob.es/icpplustiej/acCitarB,No,,820,32027189801,rodrigosalasp,https://github.com/rodrigosalasp/monitor-citas/actions/runs/32027189801
2026-08-17T12:36:14Z,2026-08-17 12:36:14,NO HAY CITAS DISPONIBLES,RESULTADO,,43.5,1,6.5,https://sede.administracionespublicas.gob.es/icpplustiej/acCitarB,No,,821,32029908308,rodrigosalasp,https://github.com/rodrigosalasp/monitor-citas/actions/runs/32029908308
2026-08-17T13:29:39Z,2026-08-17 13:29:39,NO HAY CITAS DISPONIBLES,RESULTADO,,43.3,1,6.8,https://sede.administracionespublicas.gob.es/icpplustiej/acCitarB,No,,822,32034850118,rodrigosalasp,https://github.com/rodrigosalasp/monitor-citas/actions/runs/32034850118
2026-08-17T14:08:42Z,2026-08-17 14:08:42,NO HAY CITAS DISPONIBLES,RESULTADO,,41.5,1,5.5,https://sede.administracionespublicas.gob.es/icpplustiej/acCitarB,No,,823,32037685473,rodrigosalasp,https://github.com/rodrigosalasp/monitor-citas/actions/runs/32037685473
2026-08-17T14:52:48Z,2026-08-17 14:52:48,NO HAY CITAS DISPONIBLES,RESULTADO,,42.7,1,6.4,https://sede.administracionespublicas.gob.es/icpplustiej/acCitarB,No,,824,32040170256,rodrigosalasp,https://github.com/rodrigosalasp/monitor-citas/actions/runs/32040170256
2026-08-17T15:20:08Z,2026-08-17 15:20:08,NO HAY CITAS DISPONIBLES,RESULTADO,,41.1,1,5.3,https://sede.administracionespublicas.gob.es/icpplustiej/acCitarB,No,,825,32041903681,rodrigosalasp,https://github.com/rodrigosalasp/monitor-citas/actions/runs/32041903681
2026-08-17T15:52:04Z,2026-08-17 15:52:04,ERROR DE CONEXION,ABRIR_WEB,ERR_CONNECTION_RESET,253.1,3,90.0;4.6;4.6,,Si,"No fue posible cargar correctamente la sede después de 3 intentos. | Intento 1; fase=ABRIR_WEB; tipo_error=TIMEOUT_GOTO; duracion=90.0s; TimeoutError: Page.goto: Timeout 90000ms exceeded. | Call log: | - navigating to ""https://sede.administracionespublicas.gob.es/icpplustiej/citar?org=JUS-RC&locale=es&appVersion=V+7.44.4"", waiting until ""domcontentloaded"" | || Intento 2; fase=ABRIR_WEB; tipo_error=ERR_CONNECTION_RESET; duracion=4.6s; Error: Page.goto: net::ERR_CONNECTION_RESET at https://sede.administracionespublicas.gob.es/icpplustiej/citar?org=JUS-RC&locale=es&appVersion=V+7.44.4 | Call log: | - navigating to ""https://sede.administracionespublicas.gob.es/icpplustiej/citar?org=JUS-RC&locale=es&appVersion=V+7.44.4"", waiting until ""domcontentloaded"" | || Intento 3; fase=ABRIR_WEB; tipo_error=ERR_CONNECTION_RESET; duracion=4.6s; Error: Page.goto: net::ERR_CONNECTION_RESET at https://sede.administracionespublicas.gob.es/icpplustiej/citar?org=JUS-RC&locale=es&appVersion=V+7.44.4 | Call log: | - navigating to ""https://sede.administracionespublicas.gob.es/icpplustiej/citar?org=JUS-RC&locale=es&appVersion=V+7.44.4"", waiting until ""domcontentloaded"" | ",826,32043203794,rodrigosalasp,https://github.com/rodrigosalasp/monitor-citas/actions/runs/32043203794
2026-08-17T16:23:50Z,2026-08-17 16:23:50,NO HAY CITAS DISPONIBLES,RESULTADO,,42.4,1,6.2,https://sede.administracionespublicas.gob.es/icpplustiej/acCitarB,No,,827,32044997853,rodrigosalasp,https://github.com/rodrigosalasp/monitor-citas/actions/runs/32044997853
2026-08-17T16:59:12Z,2026-08-17 16:59:12,ERROR DE CONEXION,ABRIR_WEB,ERR_CONNECTION_RESET,210.1,3,96.1;4.5;4.5,,Si,"No fue posible cargar correctamente la sede después de 3 intentos. | Intento 1; fase=CARGAR_TRAMITE; tipo_error=TIMEOUT_SELECTOR; duracion=96.1s; TimeoutError: Page.wait_for_selector: Timeout 30000ms exceeded. | Call log: | - waiting for locator(""select[id='tramiteGrupo[2]']"") to be visible | || Intento 2; fase=ABRIR_WEB; tipo_error=ERR_CONNECTION_RESET; duracion=4.5s; Error: Page.goto: net::ERR_CONNECTION_RESET at https://sede.administracionespublicas.gob.es/icpplustiej/citar?org=JUS-RC&locale=es&appVersion=V+7.44.4 | Call log: | - navigating to ""https://sede.administracionespublicas.gob.es/icpplustiej/citar?org=JUS-RC&locale=es&appVersion=V+7.44.4"", waiting until ""domcontentloaded"" | || Intento 3; fase=ABRIR_WEB; tipo_error=ERR_CONNECTION_RESET; duracion=4.5s; Error: Page.goto: net::ERR_CONNECTION_RESET at https://sede.administracionespublicas.gob.es/icpplustiej/citar?org=JUS-RC&locale=es&appVersion=V+7.44.4 | Call log: | - navigating to ""https://sede.administracionespublicas.gob.es/icpplustiej/citar?org=JUS-RC&locale=es&appVersion=V+7.44.4"", waiting until ""domcontentloaded"" | ",828,32047364230,rodrigosalasp,https://github.com/rodrigosalasp/monitor-citas/actions/runs/32047364230
2026-08-17T17:21:51Z,2026-08-17 17:21:51,NO HAY CITAS DISPONIBLES,RESULTADO,,44.6,1,7.1,https://sede.administracionespublicas.gob.es/icpplustiej/acCitarB,No,,829,32049823435,rodrigosalasp,https://github.com/rodrigosalasp/monitor-citas/actions/runs/32049823435
2026-08-17T17:57:41Z,2026-08-17 17:57:41,NO HAY CITAS DISPONIBLES,RESULTADO,,42.7,1,6.4,https://sede.administracionespublicas.gob.es/icpplustiej/acCitarB,No,,830,32052003883,rodrigosalasp,https://github.com/rodrigosalasp/monitor-citas/actions/runs/32052003883
2026-08-17T18:30:56Z,2026-08-17 18:30:56,NO HAY CITAS DISPONIBLES,RESULTADO,,43.2,1,5.7,https://sede.administracionespublicas.gob.es/icpplustiej/acCitarB,No,,831,32054921898,rodrigosalasp,https://github.com/rodrigosalasp/monitor-citas/actions/runs/32054921898
2026-08-17T19:18:33Z,2026-08-17 19:18:33,NO HAY CITAS DISPONIBLES,RESULTADO,,40.1,1,4.5,https://sede.administracionespublicas.gob.es/icpplustiej/acCitarB,No,,832,32058773084,rodrigosalasp,https://github.com/rodrigosalasp/monitor-citas/actions/runs/32058773084
2026-08-17T19:46:42Z,2026-08-17 19:46:42,ERROR GENERAL,SOLICITAR_CITA,RUNTIME_ERROR,40.1,1,7.0,https://sede.administracionespublicas.gob.es/icpplustiej/infogenerica,Si,No se encontró el botón Solicitar Cita.,833,32061934511,rodrigosalasp,https://github.com/rodrigosalasp/monitor-citas/actions/runs/32061934511
2026-08-17T20:23:20Z,2026-08-17 20:23:20,NO HAY CITAS DISPONIBLES,RESULTADO,,41.9,1,5.9,https://sede.administracionespublicas.gob.es/icpplustiej/acCitarB,No,,834,32064985786,rodrigosalasp,https://github.com/rodrigosalasp/monitor-citas/actions/runs/32064985786
2026-08-17T20:51:22Z,2026-08-17 20:51:22,ERROR DE CONEXION,ABRIR_WEB,ERR_CONNECTION_RESET,185.1,3,36.2;4.5;4.5,,Si,"No fue posible cargar correctamente la sede después de 3 intentos. | Intento 1; fase=CARGAR_TRAMITE; tipo_error=TIMEOUT_SELECTOR; duracion=36.2s; TimeoutError: Page.wait_for_selector: Timeout 30000ms exceeded. | Call log: | - waiting for locator(""select[id='tramiteGrupo[2]']"") to be visible | || Intento 2; fase=ABRIR_WEB; tipo_error=ERR_CONNECTION_RESET; duracion=4.5s; Error: Page.goto: net::ERR_CONNECTION_RESET at https://sede.administracionespublicas.gob.es/icpplustiej/citar?org=JUS-RC&locale=es&appVersion=V+7.44.4 | Call log: | - navigating to ""https://sede.administracionespublicas.gob.es/icpplustiej/citar?org=JUS-RC&locale=es&appVersion=V+7.44.4"", waiting until ""domcontentloaded"" | || Intento 3; fase=ABRIR_WEB; tipo_error=ERR_CONNECTION_RESET; duracion=4.5s; Error: Page.goto: net::ERR_CONNECTION_RESET at https://sede.administracionespublicas.gob.es/icpplustiej/citar?org=JUS-RC&locale=es&appVersion=V+7.44.4 | Call log: | - navigating to ""https://sede.administracionespublicas.gob.es/icpplustiej/citar?org=JUS-RC&locale=es&appVersion=V+7.44.4"", waiting until ""domcontentloaded"" | ",835,32067635494,rodrigosalasp,https://github.com/rodrigosalasp/monitor-citas/actions/runs/32067635494
2026-08-17T21:23:39Z,2026-08-17 21:23:39,NO HAY CITAS DISPONIBLES,RESULTADO,,41.7,1,5.9,https://sede.administracionespublicas.gob.es/icpplustiej/acCitarB,No,,836,32070395004,rodrigosalasp,https://github.com/rodrigosalasp/monitor-citas/actions/runs/32070395004
2026-08-17T21:51:22Z,2026-08-17 21:51:22,NO HAY CITAS DISPONIBLES,RESULTADO,,41.1,1,5.6,https://sede.administracionespublicas.gob.es/icpplustiej/acCitarB,No,,837,32072632069,rodrigosalasp,https://github.com/rodrigosalasp/monitor-citas/actions/runs/32072632069
2026-08-17T22:21:43Z,2026-08-17 22:21:43,ERROR DE CONEXION,ABRIR_WEB,ERR_CONNECTION_RESET,242.3,3,90.0;4.7;4.7,,Si,"No fue posible cargar correctamente la sede después de 3 intentos. | Intento 1; fase=ABRIR_WEB; tipo_error=TIMEOUT_GOTO; duracion=90.0s; TimeoutError: Page.goto: Timeout 90000ms exceeded. | Call log: | - navigating to ""https://sede.administracionespublicas.gob.es/icpplustiej/citar?org=JUS-RC&locale=es&appVersion=V+7.44.4"", waiting until ""domcontentloaded"" | || Intento 2; fase=ABRIR_WEB; tipo_error=ERR_CONNECTION_RESET; duracion=4.7s; Error: Page.goto: net::ERR_CONNECTION_RESET at https://sede.administracionespublicas.gob.es/icpplustiej/citar?org=JUS-RC&locale=es&appVersion=V+7.44.4 | Call log: | - navigating to ""https://sede.administracionespublicas.gob.es/icpplustiej/citar?org=JUS-RC&locale=es&appVersion=V+7.44.4"", waiting until ""domcontentloaded"" | || Intento 3; fase=ABRIR_WEB; tipo_error=ERR_CONNECTION_RESET; duracion=4.7s; Error: Page.goto: net::ERR_CONNECTION_RESET at https://sede.administracionespublicas.gob.es/icpplustiej/citar?org=JUS-RC&locale=es&appVersion=V+7.44.4 | Call log: | - navigating to ""https://sede.administracionespublicas.gob.es/icpplustiej/citar?org=JUS-RC&locale=es&appVersion=V+7.44.4"", waiting until ""domcontentloaded"" | ",838,32075227159,rodrigosalasp,https://github.com/rodrigosalasp/monitor-citas/actions/runs/32075227159
